rollout/ep_rew_mean,rollout/ep_len_mean,time/time_elapsed,time/iterations,time/fps,time/total_timesteps,train/policy_gradient_loss,train/learning_rate,train/approx_kl,train/n_updates,train/clip_fraction,train/clip_range,train/entropy_loss,train/value_loss,train/explained_variance,train/loss,train/min_reward,train/max_reward,train/mean_reward,eval/mean_reward,train/std_reward
0.02821015625,31.671875,52,1,38,2048,,,,,,,,,,,,,,,
0.03066982,31.32,106,2,38,4096,-0.012005461676744744,0.0001,0.008112206,10,0.060888671875,0.2,-1.9395183328539134,0.004904030213219812,-1.582594394683838,-0.040145277976989746,,,,,
0.038539109999999994,31.06,161,3,38,6144,-0.03465697059291415,0.0001,0.014169879,20,0.126611328125,0.2,-1.9261653415858746,0.0026819514161616096,-0.9792884588241577,-0.0871024876832962,,,,,
0.05201515,33.18,216,4,37,8192,-0.04968595291720703,0.0001,0.017488267,30,0.174169921875,0.2,-1.9089007828384639,0.0022375410013410145,-1.0035717487335205,-0.08439327776432037,,,,,
0.06320875,36.1,272,5,37,10240,-0.06255812238669023,0.0001,0.021297712,40,0.215966796875,0.2,-1.9021792434155942,0.001752086527812935,-1.0130443572998047,-0.09540367126464844,,,,,
0.07559521,36.88,326,6,37,12288,-0.06714892685122323,0.0001,0.02306274,50,0.266796875,0.2,-1.873967819660902,0.0017320208024102612,-0.9426852464675903,-0.10781753808259964,,,,,
0.07624544,39.99,380,7,37,14336,-0.07556408581440337,0.0001,0.028830428,60,0.308154296875,0.2,-1.8587164558470248,0.0015484890465813806,-0.5943176746368408,-0.11995261907577515,,,,,
0.07853496,45.46,433,8,37,16384,-0.07956335087947082,0.0001,0.029446738,70,0.324267578125,0.2,-1.8433954130858183,0.0037770593355162417,-0.9367002248764038,-0.13853196799755096,,,,,
0.07670724,44.9,488,9,37,18432,-0.08348351586610078,0.0001,0.03363602,80,0.358935546875,0.2,-1.8339156553149223,0.00136436210705142,-0.5760970115661621,-0.13457220792770386,,,,,
0.07803966,51.0,544,10,37,20480,-0.08356053084717133,0.0001,0.037064604,90,0.370263671875,0.2,-1.807257542014122,0.0014921932643119362,-0.5065517425537109,-0.1350070983171463,,,,,
0.08711767000000002,52.94,597,11,37,22528,-0.09064476010971703,0.0001,0.041549537,100,0.390771484375,0.2,-1.8150318298488854,0.0013423851945844945,-0.6006083488464355,-0.1479671746492386,,,,,
0.09755668,62.5,652,12,37,24576,-0.08928531963028945,0.0001,0.048560455,110,0.4189453125,0.2,-1.8040399216115475,0.0013799946724248001,-0.27657175064086914,-0.10887526720762253,,,,,
0.11045815000000003,71.84,704,13,37,26624,-0.09501669156888966,0.0001,0.049412254,120,0.430517578125,0.2,-1.8165466610342265,0.001174213846661587,-0.7024731636047363,-0.13310901820659637,,,,,
0.11259877000000001,78.93,755,14,37,28672,-0.09399761710083113,0.0001,0.051470973,130,0.4421875,0.2,-1.7597530078142882,0.0013704667020647322,-0.8592464923858643,-0.14620080590248108,,,,,
0.11915056,93.76,807,15,38,30720,-0.09256436660070903,0.0001,0.054274205,140,0.432470703125,0.2,-1.7586780857294797,0.00202610481519514,-0.8215630054473877,-0.14371484518051147,,,,,
0.12260298000000003,103.96,860,16,38,32768,-0.09171564327261876,0.0001,0.061445586,150,0.459228515625,0.2,-1.7449180051684379,0.0015508335254708072,-1.269855260848999,-0.13087314367294312,,,,,
0.13049488,112.77,916,17,38,34816,-0.08744819136336446,0.0001,0.057673678,160,0.453076171875,0.2,-1.7233433600515127,0.0013329335836715472,-0.7241872549057007,-0.12731611728668213,,,,,
0.13947286,122.87,967,18,38,36864,-0.09611713786143809,0.0001,0.06306038,170,0.478369140625,0.2,-1.6813232876360416,0.0009857501055194006,-0.14268171787261963,-0.1453462541103363,,,,,
0.15248538,134.71,1020,19,38,38912,-0.0939436781220138,0.0001,0.064437486,180,0.46240234375,0.2,-1.657175286114216,0.0010374414230682305,-0.16786861419677734,-0.14180120825767517,,,,,
0.15601263999999998,145.21,1073,20,38,40960,-0.09763720062910579,0.0001,0.07261999,190,0.495166015625,0.2,-1.650469123199582,0.000992960452549596,-0.2914170026779175,-0.11527304351329803,,,,,
0.16279155,154.81,1128,21,38,43008,-0.09657194690662436,0.0001,0.07520591,200,0.484130859375,0.2,-1.6226167388260364,0.0009600114224667777,-0.12794828414916992,-0.1394844800233841,,,,,
0.17001892999999998,165.97,1182,22,38,45056,-0.10019827611395157,0.0001,0.07594796,210,0.50966796875,0.2,-1.6092901382595302,0.0009642298839935392,-0.09952819347381592,-0.13062894344329834,,,,,
0.18096785,171.43,1234,23,38,47104,-0.09687317680800334,0.0001,0.076476425,220,0.498681640625,0.2,-1.632258140295744,0.0008539826571904996,-0.043463706970214844,-0.135825976729393,,,,,
0.19106988999999996,166.76,1286,24,38,49152,-0.0952618576149689,0.0001,0.07144791,230,0.507763671875,0.2,-1.5545859914273024,0.000969401057864161,0.29599863290786743,-0.13454537093639374,,,,,
0.19331985999999998,162.03,1338,25,38,51200,-0.09285598745918833,0.0001,0.07604575,240,0.494970703125,0.2,-1.5521044660359622,0.0010879337475671492,0.04652070999145508,-0.13326838612556458,,,,,
0.20978390000000002,165.16,1392,26,38,53248,-0.1009085592464544,0.0001,0.078270346,250,0.51328125,0.2,-1.551959763467312,0.0010553604884989908,-0.022232532501220703,-0.12913529574871063,,,,,
0.22075693000000002,162.19,1445,27,38,55296,-0.09563279727008193,0.0001,0.07905497,260,0.50126953125,0.2,-1.5028611805289984,0.0010807376734192076,0.0369073748588562,-0.12225379049777985,,,,,
0.24198260000000002,153.19,1501,28,38,57344,-0.09664274265524,0.0001,0.08954482,270,0.50859375,0.2,-1.436183350160718,0.001318069938224653,0.1019633412361145,-0.1297926902770996,,,,,
0.25910819,145.53,1553,29,38,59392,-0.09210215610510204,0.0001,0.08567801,280,0.486572265625,0.2,-1.4238525945693254,0.0012304521030273464,0.1139366626739502,-0.12653085589408875,,,,,
0.27692853,144.65,1605,30,38,61440,-0.09804225927800872,0.0001,0.09201434,290,0.51015625,0.2,-1.400113470852375,0.001214886275374738,0.16560876369476318,-0.14571009576320648,,,,,
0.29554427,147.43,1659,31,38,63488,-0.09562866358319297,0.0001,0.093666166,300,0.50283203125,0.2,-1.3544302716851235,0.0011433900503106998,0.3089430332183838,-0.13606038689613342,,,,,
0.30953465999999996,143.35,1711,32,38,65536,-0.08970115928386804,0.0001,0.10525979,310,0.516845703125,0.2,-1.315697828680277,0.0015263324466104678,0.26929450035095215,-0.14190977811813354,,,,,
0.3159170600000001,134.16,1767,33,38,67584,-0.09000793433515356,0.0001,0.10810678,320,0.506396484375,0.2,-1.2562846530228853,0.0012170750801487884,0.27181464433670044,-0.13149616122245789,,,,,
0.33364936000000006,131.93,1821,34,38,69632,-0.09391363742179237,0.0001,0.115527496,330,0.5126953125,0.2,-1.2745680622756481,0.001419909028300026,0.2606278657913208,-0.1464756578207016,,,,,
0.34264241,121.23,1875,35,38,71680,-0.09382177232182584,0.0001,0.1225087,340,0.517138671875,0.2,-1.237055490911007,0.0014416422778595005,0.07299792766571045,-0.1235671266913414,,,,,
0.35764784,111.57,1925,36,38,73728,-0.09436041819280945,0.0001,0.12008848,350,0.512353515625,0.2,-1.1398975014686585,0.0017384631795721362,0.19342690706253052,-0.12520907819271088,,,,,
0.36687549999999997,101.99,1970,37,38,75776,-0.08909604427171872,0.0001,0.12079656,360,0.491943359375,0.2,-1.1257985804229975,0.0015559421732177724,0.21422618627548218,-0.1131199449300766,,,,,
0.37352171,95.29,2022,38,38,77824,-0.08933329246938229,0.0001,0.13531709,370,0.489697265625,0.2,-1.0453674975782632,0.0020232135633705185,0.3371385931968689,-0.11378489434719086,,,,,
0.37893307,89.64,2073,39,38,79872,-0.08781803514284547,0.0001,0.13930994,380,0.488720703125,0.2,-1.008856723457575,0.0021553959215452776,0.2803821563720703,-0.1162894144654274,,,,,
0.35227354999999994,79.63,2125,40,38,81920,-0.08491758189338725,0.0001,0.14810619,390,0.483935546875,0.2,-0.9852902613580227,0.0024276410385937197,0.35479211807250977,-0.1432771235704422,,,,,
0.37858140999999995,82.4,2178,41,38,83968,-0.08589505535783246,0.0001,0.12222697,400,0.44951171875,0.2,-0.9973970543593168,0.002663597786886385,0.27665913105010986,-0.11812226474285126,,,,,
0.37489371,79.6,2230,42,38,86016,-0.08408734388940502,0.0001,0.14067335,410,0.464013671875,0.2,-0.9519360808655619,0.0025605185594031353,0.3738213777542114,-0.13037936389446259,,,,,
0.39529327999999997,84.35,2284,43,38,88064,-0.08159764977754094,0.0001,0.13323766,420,0.448193359375,0.2,-0.9028362290933728,0.002970319638006913,0.35634416341781616,-0.12502704560756683,,,,,
0.4217607399999999,90.08,2336,44,38,90112,-0.08257125436794013,0.0001,0.14159757,430,0.447412109375,0.2,-0.914325263351202,0.002888953743422462,0.35678815841674805,-0.13252031803131104,,,,,
0.43674053999999995,96.45,2387,45,38,92160,-0.08103372197947464,0.0001,0.14161,440,0.44599609375,0.2,-0.879819949157536,0.002725985934557684,0.38393497467041016,-0.13321952521800995,,,,,
0.45532019999999995,102.33,2441,46,38,94208,-0.08297441049362533,0.0001,0.128593,450,0.46064453125,0.2,-0.9486185668036342,0.002511030252935598,0.3291993737220764,-0.11093652248382568,,,,,
0.4701511,103.8,2495,47,38,96256,-0.07976153459167108,0.0001,0.1478039,460,0.457421875,0.2,-0.8866439139470458,0.0023527623461632174,0.4347153902053833,-0.11351079493761063,,,,,
0.49051684,109.48,2547,48,38,98304,-0.0825421109679155,0.0001,0.14381509,470,0.453125,0.2,-0.869448172673583,0.0028427934852516047,0.4651579260826111,-0.1254575401544571,,,,,
,,,,,,-0.08737211668631062,0.0001,0.16875032,480,0.463525390625,0.2,-0.8880365753546358,0.002284123715799069,0.46854037046432495,-0.13576000928878784,-0.003918,1.035846,0.52093864,0.6007717884454905,0.23183271320573032
0.5179096299999999,117.75,2726,49,36,100352,,,,,,,,,,,,,,,
0.5442305300000001,122.81,2777,50,36,102400,-0.08490436007268727,0.0001,0.17707574,490,0.485546875,0.2,-0.857130085863173,0.002062159222077753,0.6054743826389313,-0.11882767826318741,,,,,
0.55750681,126.22,2827,51,36,104448,-0.08663078385870904,0.0001,0.17862117,500,0.47490234375,0.2,-0.8684718735516072,0.002200238878504024,0.6032057106494904,-0.11876029521226883,,,,,
0.5819778200000001,132.01,2878,52,36,106496,-0.08820377924421337,0.0001,0.16704032,510,0.48984375,0.2,-0.9174751825630665,0.0022855836712551538,0.5223904252052307,-0.10926004499197006,,,,,
0.59033259,138.07,2930,53,37,108544,-0.08265543362067547,0.0001,0.18299575,520,0.466357421875,0.2,-0.8685645749792457,0.002118598699235008,0.5658077299594879,-0.1260976791381836,,,,,
0.5931639400000001,144.64,2981,54,37,110592,-0.07900514001958073,0.0001,0.17707679,530,0.4771484375,0.2,-0.8544405277818441,0.002300676550657954,0.4486750364303589,-0.12275677919387817,,,,,
0.58608662,146.76,3033,55,37,112640,-0.08284027016779874,0.0001,0.1986979,540,0.4796875,0.2,-0.7901813205331564,0.001923939667904051,0.5979841351509094,-0.12639102339744568,,,,,
0.5955857999999999,151.55,3082,56,37,114688,-0.0795412617007969,0.0001,0.20119096,550,0.4693359375,0.2,-0.8057370787486434,0.002016188590823731,0.4634898900985718,-0.09733397513628006,,,,,
0.59463183,158.5,3133,57,37,116736,-0.08086105811526068,0.0001,0.22487712,560,0.467333984375,0.2,-0.7746334601193666,0.00193006455538125,0.5075241327285767,-0.046457111835479736,,,,,
0.60743125,165.48,3183,58,37,118784,-0.08038279713073279,0.0001,0.20111835,570,0.45634765625,0.2,-0.7167213315144181,0.002165417072501441,0.5155741572380066,-0.11375212669372559,,,,,
0.59886862,159.09,3233,59,37,120832,-0.08089112547750119,0.0001,0.21053861,580,0.4623046875,0.2,-0.7950028801336885,0.002081393245316576,0.5093206167221069,-0.10109297931194305,,,,,
0.59322592,153.87,3283,60,37,122880,-0.07537413777899929,0.0001,0.22325812,590,0.425390625,0.2,-0.6521371437236667,0.002649258528799692,0.4900283217430115,-0.09792792052030563,,,,,
0.60235451,152.67,3335,61,37,124928,-0.07283719743136316,0.0001,0.225741,600,0.414453125,0.2,-0.6337651073001325,0.0027195940958335994,0.5242104232311249,-0.11768607050180435,,,,,
0.60861426,147.22,3386,62,37,126976,-0.06653479329834226,0.0001,0.2091025,610,0.41240234375,0.2,-0.6299014956690371,0.002687085779143672,0.5160851776599884,-0.09673100709915161,,,,,
0.6226579999999999,153.18,3434,63,37,129024,-0.0721844957995927,0.0001,0.23251998,620,0.41884765625,0.2,-0.6382832312956452,0.0026584873636238625,0.5897358357906342,-0.11186046153306961,,,,,
0.61872501,153.65,3484,64,37,131072,-0.07293884675018489,0.0001,0.22360185,630,0.438623046875,0.2,-0.6656545290723443,0.0017801125570258592,0.6977875828742981,-0.09635836631059647,,,,,
0.62603599,161.42,3534,65,37,133120,-0.0798572322295513,0.0001,0.21713458,640,0.457861328125,0.2,-0.7576234888285398,0.0017147169091913383,0.68793585896492,-0.10766191780567169,,,,,
0.60668975,156.83,3584,66,37,135168,-0.07984976206644205,0.0001,0.22675999,650,0.481591796875,0.2,-0.7676495218649506,0.0018614451284520328,0.6213883757591248,-0.11792934685945511,,,,,
0.6023632000000001,156.53,3637,67,37,137216,-0.07773423240287229,0.0001,0.2473112,660,0.459521484375,0.2,-0.6879685240797698,0.0022269933962888898,0.5274653136730194,-0.11682716757059097,,,,,
0.61061111,161.05,3687,68,37,139264,-0.07174546249734703,0.0001,0.1942721,670,0.424169921875,0.2,-0.6585453918203712,0.002604690853149805,0.5613311529159546,-0.1082790344953537,,,,,
0.59400224,152.64,3739,69,37,141312,-0.07488780980638694,0.0001,0.2247664,680,0.433935546875,0.2,-0.6714845772832632,0.002358120148164744,0.6443124711513519,-0.09721255302429199,,,,,
0.5752308200000001,141.69,3788,70,37,143360,-0.07177437685895711,0.0001,0.21619827,690,0.4130859375,0.2,-0.582041637506336,0.0030338549511725434,0.5747778713703156,-0.12271434813737869,,,,,
0.54326181,109.56,3838,71,37,145408,-0.06769237833796068,0.0001,0.21851762,700,0.40791015625,0.2,-0.5758031127043068,0.002858875266974792,0.6375356316566467,-0.0912732407450676,,,,,
0.5764587200000001,109.18,3888,72,37,147456,-0.06572516643500421,0.0001,0.26059225,710,0.373779296875,0.2,-0.5126081922091543,0.003529242656986753,0.6065685451030731,-0.12476745992898941,,,,,
0.56079628,105.85,3939,73,37,149504,-0.07154565234959591,0.0001,0.25788474,720,0.392822265625,0.2,-0.555378845706582,0.0027923400293730083,0.6347493529319763,-0.11220081150531769,,,,,
0.5580784,102.9,3989,74,37,151552,-0.07361512607021722,0.0001,0.25291672,730,0.42744140625,0.2,-0.6290568828582763,0.002442753311333945,0.6961035132408142,-0.11214000731706619,,,,,
0.56457201,109.86,4041,75,38,153600,-0.06908174066920765,0.0001,0.23429441,740,0.393505859375,0.2,-0.5783918355591595,0.0031599860820278993,0.6847404539585114,-0.1025967076420784,,,,,
0.56916597,112.25,4091,76,38,155648,-0.07726544491015375,0.0001,0.2524776,750,0.438720703125,0.2,-0.6353116371668875,0.0027865131340149675,0.6122367978096008,-0.10461008548736572,,,,,
0.58982102,121.71,4141,77,38,157696,-0.0714950100693386,0.0001,0.24126036,760,0.43271484375,0.2,-0.6178103281185031,0.0022742562074199667,0.5737968385219574,-0.11167243868112564,,,,,
0.5795604099999999,122.81,4193,78,38,159744,-0.07430090694106184,0.0001,0.2534536,770,0.431640625,0.2,-0.6322770377621054,0.0023380553193419473,0.5814448297023773,-0.09762341529130936,,,,,
0.57725357,117.65,4244,79,38,161792,-0.06829965135548263,0.0001,0.22910106,780,0.39033203125,0.2,-0.5282039604149759,0.0025040507105586586,0.6201411783695221,-0.09803283214569092,,,,,
0.58623371,116.9,4296,80,38,163840,-0.0706508515169844,0.0001,0.2478272,790,0.41015625,0.2,-0.5708873721770942,0.002487530898361001,0.5605694055557251,-0.09369968622922897,,,,,
0.58655108,111.78,4346,81,38,165888,-0.07163123187492601,0.0001,0.3208385,800,0.407421875,0.2,-0.5633202550932765,0.0026222283064271323,0.5340504944324493,-0.11790842562913895,,,,,
0.58638415,105.2,4397,82,38,167936,-0.06857881257019471,0.0001,0.24565582,810,0.3947265625,0.2,-0.5421425439417362,0.0022680564819893335,0.6527655124664307,-0.10763505846261978,,,,,
0.5779119000000001,105.88,4449,83,38,169984,-0.0707321627647616,0.0001,0.26923248,820,0.400634765625,0.2,-0.55560039030388,0.002348169502329256,0.6505086421966553,-0.11061985045671463,,,,,
0.57850743,107.23,4501,84,38,172032,-0.06970687237917446,0.0001,0.2546989,830,0.439501953125,0.2,-0.5978838359937072,0.002727764004157507,0.5863400399684906,-0.1267760545015335,,,,,
0.59473445,110.07,4552,85,38,174080,-0.07147599145246204,0.0001,0.23746218,840,0.4279296875,0.2,-0.5990396587178111,0.002448567913961597,0.5918045043945312,-0.08790362626314163,,,,,
0.60960903,113.14,4602,86,38,176128,-0.07227639392658602,0.0001,0.23306929,850,0.410986328125,0.2,-0.5258890818804502,0.0025543447518430185,0.6213844418525696,-0.10097389668226242,,,,,
0.6340569900000002,123.83,4653,87,38,178176,-0.06859618246089667,0.0001,0.30072618,860,0.407470703125,0.2,-0.5533896784298122,0.0022127566579001725,0.6346078515052795,-0.07466166466474533,,,,,
0.63968304,124.15,4705,88,38,180224,-0.07363252648501657,0.0001,0.25590795,870,0.4208984375,0.2,-0.6104325817897915,0.0020318500331995893,0.642286092042923,-0.10017216950654984,,,,,
0.6594551599999998,125.22,4755,89,38,182272,-0.07784457692469005,0.0001,0.2824406,880,0.418017578125,0.2,-0.553435355052352,0.0026823036547284572,0.5781902968883514,-0.08390379697084427,,,,,
0.6821446899999999,135.78,4806,90,38,184320,-0.07043599774187896,0.0001,0.2765097,890,0.396240234375,0.2,-0.5353868385776878,0.002058704605951789,0.7226150929927826,-0.09694582968950272,,,,,
0.6834731000000001,140.82,4856,91,38,186368,-0.07273470116197131,0.0001,0.26128617,900,0.43525390625,0.2,-0.5919306609779597,0.0023335338510150905,0.6700812876224518,-0.11831308156251907,,,,,
0.6834186400000002,141.7,4907,92,38,188416,-0.07234223139821552,0.0001,0.28925192,910,0.421484375,0.2,-0.5631189540028572,0.0021138470370715367,0.6888740956783295,-0.10567237436771393,,,,,
0.67245972,135.33,4956,93,38,190464,-0.06431618599453941,0.0001,0.23092005,920,0.3650390625,0.2,-0.4857553624548018,0.0020909425222271237,0.7378809750080109,-0.07312043011188507,,,,,
0.6572248300000001,130.52,5006,94,38,192512,-0.0721446746494621,0.0001,0.24394438,930,0.3751953125,0.2,-0.5133812854066491,0.0022898316268765485,0.7117015421390533,-0.07959584146738052,,,,,
0.66349294,131.29,5055,95,38,194560,-0.06480901453469415,0.0001,0.24494801,940,0.37333984375,0.2,-0.4948302488774061,0.0022971746778239323,0.7001184821128845,-0.07598486542701721,,,,,
0.6596637200000001,126.31,5107,96,38,196608,-0.0639909230201738,0.0001,0.27964014,950,0.38203125,0.2,-0.5020470538176596,0.002407773755930975,0.7622395604848862,-0.09017661213874817,,,,,
0.6586262500000001,119.71,5159,97,38,198656,-0.0674348174710758,0.0001,0.23951267,960,0.37099609375,0.2,-0.5136948071420193,0.0022717611264852166,0.676559329032898,-0.0936211347579956,,,,,
,,,,,,-0.06647114072111435,0.0001,0.38059363,970,0.384130859375,0.2,-0.47909992607310414,0.0026308467851777094,0.644547164440155,-0.10136707872152328,0.10035,1.060221,0.6656928999999999,0.8567616330534811,0.18746386814410396
0.6656051399999998,121.79,5319,98,37,200704,,,,,,,,,,,,,,,
0.6656026199999999,125.26,5368,99,37,202752,-0.07115812686970457,0.0001,0.3107031,980,0.399169921875,0.2,-0.5371935893781483,0.002375577952807362,0.7109858393669128,-0.09240934997797012,,,,,
0.6677236400000001,130.14,5418,100,37,204800,-0.0707100194063969,0.0001,0.27029872,990,0.4234375,0.2,-0.5309324134141207,0.002553749662183691,0.6680337190628052,-0.09837061911821365,,,,,
0.68011512,134.68,5469,101,37,206848,-0.07624088159063831,0.0001,0.2664264,1000,0.429296875,0.2,-0.5943525610491633,0.002049999045812001,0.7193211019039154,-0.1201506033539772,,,,,
0.6645880099999999,130.46,5521,102,37,208896,-0.06938415249169338,0.0001,0.30120313,1010,0.40146484375,0.2,-0.5502114029601216,0.0024645819792567638,0.7291916608810425,-0.09921496361494064,,,,,
0.6590615799999999,133.76,5571,103,37,210944,-0.07135264276585077,0.0001,0.28647667,1020,0.402685546875,0.2,-0.5135329058393836,0.002699800032132771,0.7131096422672272,-0.08287616819143295,,,,,
0.6655340700000001,139.36,5618,104,37,212992,-0.0710528686089674,0.0001,0.23917341,1030,0.406201171875,0.2,-0.5470411285758019,0.00230611078786751,0.7071845829486847,-0.09958221763372421,,,,,
0.6781666300000001,136.77,5670,105,37,215040,-0.07571596582129132,0.0001,0.28313,1040,0.44306640625,0.2,-0.6011720165610314,0.002265873415672104,0.6442373991012573,-0.09470349550247192,,,,,
0.6638414200000001,132.85,5720,106,37,217088,-0.07335226142895408,0.0001,0.24390945,1050,0.40107421875,0.2,-0.5531529859639704,0.0022578710065317862,0.6657010912895203,-0.09770146012306213,,,,,
0.6546415999999999,129.88,5770,107,37,219136,-0.07680099062272347,0.0001,0.26005584,1060,0.4193359375,0.2,-0.5550573894754052,0.0023959281752468087,0.6989609897136688,-0.09589576721191406,,,,,
0.6571192299999999,137.64,5819,108,38,221184,-0.07329532614676282,0.0001,0.30452293,1070,0.405908203125,0.2,-0.5419690172187984,0.002366385935238213,0.6362969875335693,-0.10341079533100128,,,,,
0.6713871600000002,146.7,5869,109,38,223232,-0.07009811198804528,0.0001,0.32979426,1080,0.4076171875,0.2,-0.5192197709344327,0.0018214337182143937,0.7302505970001221,-0.0961245447397232,,,,,
0.6813936599999999,158.12,5917,110,38,225280,-0.07179621122195386,0.0001,0.2826661,1090,0.413720703125,0.2,-0.5618649921379983,0.0018783725625326042,0.7250191569328308,-0.08182208985090256,,,,,
0.6868533800000001,167.97,5962,111,38,227328,-0.07661563497094903,0.0001,0.35992318,1100,0.44296875,0.2,-0.5511617049574852,0.0013714531979530874,0.7441238760948181,-0.10284143686294556,,,,,
0.6887092100000001,167.42,6012,112,38,229376,-0.07454858150449581,0.0001,0.34169063,1110,0.473681640625,0.2,-0.5067993524484337,0.001422654018188041,0.7128777801990509,-0.10316884517669678,,,,,
0.66875016,168.07,6063,113,38,231424,-0.06504390164045618,0.0001,0.27154577,1120,0.37587890625,0.2,-0.4322417173534632,0.002223844036234368,0.6686415076255798,-0.07551659643650055,,,,,
0.6678751599999999,170.97,6114,114,38,233472,-0.06308430979843252,0.0001,0.33753625,1130,0.381298828125,0.2,-0.4475416812114418,0.002304637449378788,0.7052783370018005,-0.0919339656829834,,,,,
0.7044728800000002,178.02,6166,115,38,235520,-0.06590584975783713,0.0001,0.28731176,1140,0.384814453125,0.2,-0.4578513018786907,0.002170781327004079,0.6957910358905792,-0.09795652329921722,,,,,
0.7069564100000001,171.98,6215,116,38,237568,-0.06944646690390073,0.0001,0.34952167,1150,0.391357421875,0.2,-0.44393765069544316,0.002031569177233905,0.7751386016607285,-0.09377608448266983,,,,,
0.6957945000000001,160.79,6265,117,38,239616,-0.06702964189171326,0.0001,0.29795155,1160,0.402197265625,0.2,-0.4622139440849423,0.002131196295886184,0.7607155293226242,-0.10568751394748688,,,,,
0.68069981,137.3,6315,118,38,241664,-0.06918695166241377,0.0001,0.32720923,1170,0.4,0.2,-0.47396152168512345,0.002454767200288188,0.6602101922035217,-0.08950123190879822,,,,,
0.6855704999999999,135.76,6364,119,38,243712,-0.06733956750540529,0.0001,0.3116554,1180,0.395361328125,0.2,-0.48657331597059966,0.0027763291212977493,0.6236549615859985,-0.09148257970809937,,,,,
0.6801088599999998,133.29,6414,120,38,245760,-0.07696633058658335,0.0001,0.29237926,1190,0.42060546875,0.2,-0.5318296096287668,0.0024301937408381493,0.6599652469158173,-0.11633682250976562,,,,,
0.65815073,128.47,6465,121,38,247808,-0.0742138400208205,0.0001,0.41403693,1200,0.461572265625,0.2,-0.505372436158359,0.0023854129773098975,0.5919091701507568,-0.10168103128671646,,,,,
0.6382593400000001,126.88,6515,122,38,249856,-0.06994387303711846,0.0001,0.295869,1210,0.418798828125,0.2,-0.54088183529675,0.0023392085582599974,0.6452385485172272,-0.10323705524206161,,,,,
0.6374186900000001,129.72,6564,123,38,251904,-0.07573596612783148,0.0001,0.2729353,1220,0.428125,0.2,-0.5473892626352608,0.002274846229920513,0.6796617805957794,-0.1159060150384903,,,,,
0.65134623,136.91,6615,124,38,253952,-0.07346115293621551,0.0001,0.30821127,1230,0.42255859375,0.2,-0.5686139435507357,0.0018734272565779976,0.7331230938434601,-0.07922481745481491,,,,,
0.6744148500000001,144.19,6663,125,38,256000,-0.07951033008575906,0.0001,0.3013329,1240,0.4451171875,0.2,-0.5766643890179693,0.0018703121142607416,0.7375165820121765,-0.11281056702136993,,,,,
0.68354801,145.96,6712,126,38,258048,-0.07945587176945992,0.0001,0.29381248,1250,0.434765625,0.2,-0.5431716064922512,0.0021520356045584776,0.6884437203407288,-0.09993745386600494,,,,,
0.6882128299999999,146.61,6761,127,38,260096,-0.07235620142892003,0.0001,0.32497638,1260,0.437841796875,0.2,-0.5276156965643167,0.0025630248323068373,0.5868862867355347,-0.11662112176418304,,,,,
0.7102839499999999,147.97,6810,128,38,262144,-0.07694082942907698,0.0001,0.3038696,1270,0.432177734375,0.2,-0.5270607248879969,0.0025647486734669657,0.6566338837146759,-0.11540082097053528,,,,,
0.7212875599999999,150.86,6860,129,38,264192,-0.07213813061825931,0.0001,0.45961952,1280,0.4189453125,0.2,-0.494565016310662,0.002945132346576429,0.6047038733959198,-0.09120576083660126,,,,,
0.73479605,151.3,6914,130,38,266240,-0.07030306171800475,0.0001,0.3914438,1290,0.397314453125,0.2,-0.4670003982260823,0.002279684613313293,0.7422698438167572,-0.09310073405504227,,,,,
0.7113955900000001,141.1,6967,131,38,268288,-0.07017597043304705,0.0001,0.31963396,1300,0.414208984375,0.2,-0.48570978073403237,0.0025850896930933232,0.6915765106678009,-0.09984012693166733,,,,,
0.7153451599999999,136.17,7017,132,38,270336,-0.06728702181135304,0.0001,0.43865335,1310,0.3927734375,0.2,-0.4300499464385211,0.003087726181183825,0.7046553790569305,-0.08731222152709961,,,,,
0.69840898,134.73,7067,133,38,272384,-0.06662507971341255,0.0001,0.33547673,1320,0.38017578125,0.2,-0.44057445898652076,0.0028744269361595798,0.7538758814334869,-0.09676629304885864,,,,,
0.6819491200000001,128.43,7115,134,38,274432,-0.07015220720204525,0.0001,0.3046902,1330,0.416943359375,0.2,-0.4865296962670982,0.0034640981160919183,0.6851389706134796,-0.10459314286708832,,,,,
0.66800455,120.03,7167,135,38,276480,-0.06579474923200905,0.0001,0.39282888,1340,0.36650390625,0.2,-0.4421934469603002,0.0036983189056627452,0.6591271162033081,-0.09374015778303146,,,,,
0.6743047,118.3,7219,136,38,278528,-0.0714596446196083,0.0001,0.3342295,1350,0.413427734375,0.2,-0.48316647550091146,0.00325744451929495,0.6510603427886963,-0.09879555553197861,,,,,
0.67647659,117.91,7271,137,38,280576,-0.07200166874972638,0.0001,0.35695553,1360,0.40771484375,0.2,-0.4595116413198411,0.003269822444781312,0.6636791825294495,-0.1107226088643074,,,,,
0.66080973,112.6,7321,138,38,282624,-0.06785228954977356,0.0001,0.35365304,1370,0.39091796875,0.2,-0.4475147821009159,0.0026406822156786803,0.7518034875392914,-0.09070122241973877,,,,,
0.65133068,108.47,7373,139,38,284672,-0.06573457564518322,0.0001,0.35630217,1380,0.3904296875,0.2,-0.4256153279915452,0.0031285389017284616,0.7241142094135284,-0.10913977771997452,,,,,
0.6851827099999999,111.82,7423,140,38,286720,-0.06418802774860524,0.0001,0.37253702,1390,0.386962890625,0.2,-0.42280683014541864,0.0038083716586697846,0.6691600680351257,-0.0756540596485138,,,,,
0.6833725899999998,114.23,7473,141,38,288768,-0.06815344562346581,0.0001,0.3102755,1400,0.385302734375,0.2,-0.4500145440921187,0.0026221479103696764,0.6424260139465332,-0.09533166885375977,,,,,
0.6757948500000001,117.25,7524,142,38,290816,-0.06860939280013553,0.0001,0.41082054,1410,0.399560546875,0.2,-0.42449978925287724,0.002666355226938322,0.638241320848465,-0.036986034363508224,,,,,
0.64134214,116.23,7574,143,38,292864,-0.0741289971061633,0.0001,0.39893803,1420,0.422607421875,0.2,-0.4668511820025742,0.002117980268849351,0.6934295892715454,-0.1113947331905365,,,,,
0.6382528900000001,118.87,7624,144,38,294912,-0.06786987379891798,0.0001,0.35207233,1430,0.411083984375,0.2,-0.4164761608466506,0.003340155455407512,0.5314439237117767,-0.09314551949501038,,,,,
0.5970072499999999,114.45,7672,145,38,296960,-0.06786609929840778,0.0001,0.52950966,1440,0.3935546875,0.2,-0.37620385489426555,0.0029071891556668563,0.5830382704734802,-0.09938749670982361,,,,,
0.60257213,112.9,7721,146,38,299008,-0.06354937802825589,0.0001,0.41740814,1450,0.396435546875,0.2,-0.41131498496979474,0.0041026565173524435,0.5554310977458954,-0.09299441426992416,,,,,
,,,,,,-0.0694162524829153,0.0001,0.3853606,1460,0.3845703125,0.2,-0.42460952876135705,0.0027297980874209315,0.6344523131847382,-0.08991385996341705,0.087218,1.048117,0.6095527999999999,0.6944844357134571,0.29722516243989167
0.60551982,108.89,7835,147,38,301056,,,,,,,,,,,,,,,
0.61450944,111.1,7886,148,38,303104,-0.07424654407659545,0.0001,0.37088513,1470,0.407080078125,0.2,-0.45120497345924376,0.002740933798122569,0.7367387413978577,-0.1089061051607132,,,,,
0.6602647699999998,121.07,7935,149,38,305152,-0.07469787523150444,0.0001,0.36455327,1480,0.417724609375,0.2,-0.5050736994482576,0.002407485866206116,0.781085655093193,-0.10433938354253769,,,,,
0.6853462599999999,124.68,7985,150,38,307200,-0.0760545649449341,0.0001,0.30616868,1490,0.42109375,0.2,-0.5252449575811624,0.0020851156152275506,0.8088681995868683,-0.11333301663398743,,,,,
0.70994276,130.51,8035,151,38,309248,-0.07079132141079754,0.0001,0.33421808,1500,0.420361328125,0.2,-0.48652415787801145,0.002493767039413797,0.7504963874816895,-0.08963683992624283,,,,,
0.7495035400000001,139.74,8085,152,38,311296,-0.07868644618429244,0.0001,0.3334835,1510,0.425341796875,0.2,-0.5076653784140944,0.002484615818866587,0.7364659607410431,-0.10466864705085754,,,,,
0.7385664400000002,142.18,8133,153,38,313344,-0.07360461483767722,0.0001,0.37096643,1520,0.430712890625,0.2,-0.5149910559877753,0.0026081128049554535,0.7408494353294373,-0.08308248221874237,,,,,
0.7456519199999999,144.92,8182,154,38,315392,-0.07754952001560014,0.0001,0.38428912,1530,0.424658203125,0.2,-0.471786149777472,0.002862026771072124,0.636563241481781,-0.10823841392993927,,,,,
0.72524699,137.74,8231,155,38,317440,-0.06530332643014844,0.0001,0.46042156,1540,0.401416015625,0.2,-0.448754627071321,0.002510577778411971,0.687933087348938,-0.08386263996362686,,,,,
0.72260463,130.24,8280,156,38,319488,-0.07145902618940454,0.0001,0.4561279,1550,0.4009765625,0.2,-0.44655602853745224,0.0034699110527071754,0.6723958849906921,-0.09020206332206726,,,,,
0.7289490200000001,132.77,8330,157,38,321536,-0.06983808746153955,0.0001,0.4074884,1560,0.398681640625,0.2,-0.4263382392935455,0.0029439118423397305,0.6832583844661713,-0.07191550731658936,,,,,
0.72800403,134.38,8382,158,38,323584,-0.07873066269385162,0.0001,0.38925782,1570,0.44091796875,0.2,-0.5081059464253486,0.0023856400623117223,0.775395467877388,-0.12084323167800903,,,,,
0.7382898000000001,138.58,8439,159,38,325632,-0.07880035589914769,0.0001,0.37346172,1580,0.429052734375,0.2,-0.5213558721356094,0.0021864674363314407,0.8405694514513016,-0.09612613916397095,,,,,
0.74675643,142.02,8496,160,38,327680,-0.0747521742421668,0.0001,0.41301546,1590,0.432470703125,0.2,-0.4747086045332253,0.0024084635957478894,0.8085107207298279,-0.09187778830528259,,,,,
0.74806489,141.66,8552,161,38,329728,-0.07828818968846463,0.0001,0.40003234,1600,0.449609375,0.2,-0.485341667663306,0.0022290766810328932,0.7898569256067276,-0.10797373205423355,,,,,
0.7488814799999998,148.19,8608,162,38,331776,-0.07225271263159812,0.0001,0.390074,1610,0.41240234375,0.2,-0.48025382272899153,0.0024993242081109202,0.8267442435026169,-0.08791215717792511,,,,,
0.7487687900000001,151.12,8668,163,38,333824,-0.07584613704239018,0.0001,0.34829366,1620,0.4287109375,0.2,-0.513995227124542,0.0024028605075727683,0.7897345721721649,-0.08279421180486679,,,,,
0.74219291,155.73,8727,164,38,335872,-0.07128899014787748,0.0001,0.33944437,1630,0.396337890625,0.2,-0.44551231153309345,0.002115587186199264,0.8342743068933487,-0.08515296876430511,,,,,
0.74011327,159.11,8785,165,38,337920,-0.07287156356032938,0.0001,0.53086007,1640,0.464990234375,0.2,-0.552961362618953,0.0021048925780633,0.753682553768158,-0.08092132955789566,,,,,
0.73403043,164.09,8843,166,38,339968,-0.0778662804281339,0.0001,0.35385823,1650,0.46650390625,0.2,-0.5722692447714508,0.0020742132652230793,0.7573030441999435,-0.0973706841468811,,,,,
0.7306159199999999,171.66,8899,167,38,342016,-0.07521584902424365,0.0001,0.46091545,1660,0.4568359375,0.2,-0.5376480401493609,0.0019284417574453982,0.7684899419546127,-0.09602616727352142,,,,,
0.7441974600000001,178.23,8949,168,38,344064,-0.07772790417366196,0.0001,0.3953513,1670,0.448291015625,0.2,-0.5423628374934196,0.001943709684019268,0.8150577247142792,-0.10460227727890015,,,,,
0.72645264,177.93,8999,169,38,346112,-0.07370890166203026,0.0001,0.36075303,1680,0.430419921875,0.2,-0.5002797900699079,0.0017802469494199614,0.8152576833963394,-0.10712537914514542,,,,,
0.72565445,182.42,9050,170,38,348160,-0.07358326739631593,0.0001,0.39273122,1690,0.433544921875,0.2,-0.5099142570979893,0.0024235616694568305,0.756593644618988,-0.09252132475376129,,,,,
0.73048095,182.88,9098,171,38,350208,-0.06927094168204348,0.0001,0.43516442,1700,0.42861328125,0.2,-0.5064387338235974,0.002088890802588139,0.7917406260967255,-0.08586234599351883,,,,,
0.7249751699999999,178.04,9149,172,38,352256,-0.08293505617766642,0.0001,0.41977262,1710,0.461767578125,0.2,-0.5355598243884743,0.0023684156931267353,0.7812494486570358,-0.11775755882263184,,,,,
0.7154898999999999,168.2,9198,173,38,354304,-0.0655585015338147,0.0001,0.38205746,1720,0.4099609375,0.2,-0.4711828105151653,0.0028962706343008903,0.7605081498622894,-0.10013863444328308,,,,,
0.7038503999999999,157.15,9247,174,38,356352,-0.07054064157127868,0.0001,0.45375323,1730,0.4220703125,0.2,-0.48184878965839745,0.002050180265723611,0.8216831535100937,-0.08919379115104675,,,,,
0.6964206300000001,148.71,9300,175,38,358400,-0.07679247040650808,0.0001,0.41829604,1740,0.44677734375,0.2,-0.5210042474791408,0.002686419813289831,0.6589027643203735,-0.1288289725780487,,,,,
0.6902605700000001,144.43,9350,176,38,360448,-0.07248242870555259,0.0001,0.40463305,1750,0.4306640625,0.2,-0.4884482825174928,0.0022119494211437995,0.7683813124895096,-0.12406943738460541,,,,,
0.70506671,147.03,9398,177,38,362496,-0.07363350841915235,0.0001,0.45073497,1760,0.39765625,0.2,-0.4131298787891865,0.002345915928708564,0.6999139487743378,-0.08846225589513779,,,,,
0.70406003,142.16,9447,178,38,364544,-0.07399064745113719,0.0001,0.40251786,1770,0.42900390625,0.2,-0.48318883767351506,0.0016540209901904745,0.8022948056459427,-0.11625219136476517,,,,,
0.70078029,145.88,9498,179,38,366592,-0.06929289641266223,0.0001,0.40158868,1780,0.391943359375,0.2,-0.4319985671900213,0.002305514791623864,0.7744248062372208,-0.09944765269756317,,,,,
0.6744481799999998,143.07,9549,180,38,368640,-0.07389055249514058,0.0001,0.41890597,1790,0.43720703125,0.2,-0.47983737727627157,0.0021980687892209972,0.7798076719045639,-0.0973905622959137,,,,,
0.6795547499999997,144.04,9600,181,38,370688,-0.07182958578050602,0.0001,0.40895844,1800,0.43828125,0.2,-0.5000184889882803,0.0028325967103228324,0.6563679277896881,-0.11333703994750977,,,,,
0.6785850000000001,144.97,9649,182,38,372736,-0.07255960708425846,0.0001,0.32869285,1810,0.4333984375,0.2,-0.4863027987070382,0.0024375425275138694,0.7300379276275635,-0.10298699140548706,,,,,
0.6892172599999999,147.06,9700,183,38,374784,-0.07736974410945549,0.0001,0.48977822,1820,0.447265625,0.2,-0.5244409292936325,0.0021525746828046977,0.7119383811950684,-0.09690473228693008,,,,,
0.67501446,137.5,9750,184,38,376832,-0.07190072730300016,0.0001,0.37331638,1830,0.4380859375,0.2,-0.5228551281616092,0.0022183629909704903,0.7725519239902496,-0.09362362325191498,,,,,
0.6644660200000001,136.35,9800,185,38,378880,-0.06855755112192127,0.0001,0.43027923,1840,0.394873046875,0.2,-0.43638157928362487,0.002381298075306404,0.78975410759449,-0.10198136419057846,,,,,
0.67960842,138.29,9851,186,38,380928,-0.06826596854953096,0.0001,0.52382743,1850,0.400244140625,0.2,-0.3994426656514406,0.003279175574425608,0.6229162514209747,-0.08603707700967789,,,,,
0.67890006,142.6,9902,187,38,382976,-0.06663848418102133,0.0001,0.42567602,1860,0.392724609375,0.2,-0.4276396387256682,0.002274890444095945,0.8021690398454666,-0.09815658628940582,,,,,
0.6794634700000001,147.88,9953,188,38,385024,-0.07802902019175235,0.0001,0.44697213,1870,0.45322265625,0.2,-0.522389661334455,0.0018660961246496298,0.8061940670013428,-0.07844728976488113,,,,,
0.6913222599999999,155.43,10004,189,38,387072,-0.07587549359304831,0.0001,0.43189758,1880,0.462060546875,0.2,-0.540326916333288,0.0016831274724609102,0.8131578266620636,-0.1166606992483139,,,,,
0.69966552,159.51,10056,190,38,389120,-0.07672509526310023,0.0001,0.43027195,1890,0.456640625,0.2,-0.5346358338370919,0.001748890819180815,0.8408661633729935,-0.11323563009500504,,,,,
0.70507617,160.11,10106,191,38,391168,-0.07567117329745088,0.0001,0.48854586,1900,0.437939453125,0.2,-0.4933625287376344,0.0018215558815427358,0.8437440991401672,-0.10213471204042435,,,,,
0.7089551900000001,169.9,10157,192,38,393216,-0.06937705169257243,0.0001,0.46876907,1910,0.443359375,0.2,-0.49741051960736515,0.0019313827021505859,0.8374509662389755,-0.09601898491382599,,,,,
0.6958147100000001,171.14,10207,193,38,395264,-0.07483816429739817,0.0001,0.44454455,1920,0.46513671875,0.2,-0.5615966150537133,0.0017357967353746062,0.8382657319307327,-0.10987336188554764,,,,,
0.70623571,185.24,10258,194,38,397312,-0.06584604495437815,0.0001,0.5150368,1930,0.434228515625,0.2,-0.47636283887550235,0.0033407210485165706,0.6585502028465271,-0.06291348487138748,,,,,
0.7080491600000001,191.5,10309,195,38,399360,-0.07287328293314203,0.0001,0.43531471,1940,0.474560546875,0.2,-0.550763018336147,0.001976449326684815,0.8096490800380707,-0.1104910746216774,,,,,
,,,,,,-0.0704569737717975,0.0001,0.41109726,1950,0.45498046875,0.2,-0.536651499196887,0.002196659498804365,0.7969466596841812,-0.09759268164634705,-0.005604,1.0521,0.7104034500000002,0.7703997678863743,0.22767118184523813
0.7104774800000001,193.15,10464,196,38,401408,,,,,,,,,,,,,,,
0.7108840799999999,195.69,10518,197,38,403456,-0.07333944624406286,0.0001,0.33641496,1960,0.465625,0.2,-0.5827843086794019,0.0016248561764768965,0.8722035139799118,-0.10007212311029434,,,,,
0.71852799,198.34,10571,198,38,405504,-0.08034351837122813,0.0001,0.3656661,1970,0.50537109375,0.2,-0.6650536813773215,0.0015047907389089232,0.8627296537160873,-0.11356251686811447,,,,,
0.71259266,199.12,10625,199,38,407552,-0.08004070639726706,0.0001,0.40234995,1980,0.481201171875,0.2,-0.5814276579767466,0.0013453236804707557,0.898261085152626,-0.11482196301221848,,,,,
0.71179049,202.72,10678,200,38,409600,-0.06515789051481988,0.0001,0.33946562,1990,0.410595703125,0.2,-0.4939506186172366,0.0015029240559670143,0.8752352073788643,-0.10578401386737823,,,,,
0.7186611399999999,211.26,10732,201,38,411648,-0.07605111220909748,0.0001,0.4634381,2000,0.446240234375,0.2,-0.533614416886121,0.0013926080784585793,0.8844362795352936,-0.11614110320806503,,,,,
0.7185454399999999,207.68,10786,202,38,413696,-0.08027488873922266,0.0001,0.52049893,2010,0.48720703125,0.2,-0.5873308255337178,0.0017392253470461584,0.8498377501964569,-0.11196736991405487,,,,,
0.7373369799999998,209.32,10842,203,38,415744,-0.07894684566126671,0.0001,0.5008286,2020,0.47744140625,0.2,-0.5573945471085608,0.0020777749094122557,0.767109751701355,-0.10785975307226181,,,,,
0.75135287,198.63,10893,204,38,417792,-0.07379160490236245,0.0001,0.42209253,2030,0.43544921875,0.2,-0.5022519282065332,0.002217543054030102,0.7869497835636139,-0.09390447288751602,,,,,
0.7408356199999999,200.37,10946,205,38,419840,-0.07178007950424217,0.0001,0.45031318,2040,0.424658203125,0.2,-0.45030162632465365,0.002380543907202082,0.7681794166564941,-0.08487510681152344,,,,,
0.7431889099999998,203.98,10999,206,38,421888,-0.07302343453047797,0.0001,0.39817148,2050,0.44677734375,0.2,-0.5322648496367037,0.002137116697304009,0.7924293130636215,-0.11517158895730972,,,,,
0.74059021,200.63,11054,207,38,423936,-0.07871782227884978,0.0001,0.39293215,2060,0.494873046875,0.2,-0.611093970015645,0.0013624484945466975,0.8640864044427872,-0.10598459839820862,,,,,
0.7317175300000001,189.88,11109,208,38,425984,-0.07649747646355536,0.0001,0.4280275,2070,0.453662109375,0.2,-0.5308130966499448,0.001942619688998093,0.8153110593557358,-0.09057643264532089,,,,,
0.7380239299999998,189.29,11160,209,38,428032,-0.07283997872145846,0.0001,0.42047444,2080,0.4521484375,0.2,-0.48420038912445307,0.0020788348521818987,0.7636907547712326,-0.08456821739673615,,,,,
0.7239993100000001,177.6,11213,210,38,430080,-0.08138146423443686,0.0001,0.5325996,2090,0.47001953125,0.2,-0.5142110635526478,0.0019116081355605274,0.7783087193965912,-0.10053981840610504,,,,,
0.7237818999999999,175.3,11265,211,38,432128,-0.07615202759043313,0.0001,0.39418346,2100,0.454296875,0.2,-0.5062928466126323,0.002158290879742708,0.7434414923191071,-0.09786094725131989,,,,,
0.73816059,179.94,11317,212,38,434176,-0.0744791057833936,0.0001,0.38975367,2110,0.4513671875,0.2,-0.5235207830555737,0.0020252367003195104,0.8007392436265945,-0.08416158705949783,,,,,
0.7550088000000001,189.62,11365,213,38,436224,-0.07649935183580965,0.0001,0.5345681,2120,0.455224609375,0.2,-0.5619205636903644,0.0018202700033725706,0.8358897715806961,-0.09768428653478622,,,,,
0.74918509,194.97,11415,214,38,438272,-0.08135473293950782,0.0001,0.37589514,2130,0.486474609375,0.2,-0.5984474597498775,0.0017906762966958922,0.8576285243034363,-0.07651793211698532,,,,,
0.76044157,190.02,11465,215,38,440320,-0.08341307626687922,0.0001,0.43078476,2140,0.522705078125,0.2,-0.6751072447746992,0.0014300084214482923,0.8764243945479393,-0.1128370463848114,,,,,
0.7599158300000001,184.63,11515,216,38,442368,-0.07730667785799597,0.0001,0.41912764,2150,0.4603515625,0.2,-0.5452823074534535,0.0022110133058959036,0.7767125070095062,-0.09695040434598923,,,,,
0.7692149100000001,187.11,11566,217,38,444416,-0.07713911611936056,0.0001,0.4404503,2160,0.45615234375,0.2,-0.5469203725457191,0.0024415945255896075,0.7989324778318405,-0.09897058457136154,,,,,
0.7678190599999998,191.86,11617,218,38,446464,-0.07713797536853235,0.0001,0.47855824,2170,0.459326171875,0.2,-0.5256048442795873,0.0024340596442925743,0.7634895145893097,-0.12233296781778336,,,,,
0.7491668099999998,191.54,11670,219,38,448512,-0.08080561188980936,0.0001,0.5516902,2180,0.508544921875,0.2,-0.5966588043607771,0.0017595307448573295,0.8013942092657089,-0.0864434763789177,,,,,
0.7626916899999999,193.79,11727,220,38,450560,-0.0696571534674149,0.0001,0.38023704,2190,0.4623046875,0.2,-0.5627788546495139,0.0017713195125907077,0.8507162183523178,-0.08034251630306244,,,,,
0.76177731,197.33,11779,221,38,452608,-0.07782024778716731,0.0001,0.54727954,2200,0.441552734375,0.2,-0.5092634360305965,0.001947369201661786,0.8417028188705444,-0.11588340997695923,,,,,
0.7518931999999999,193.54,11833,222,38,454656,-0.07671629088290502,0.0001,0.4688802,2210,0.446630859375,0.2,-0.5020375587977469,0.0018802608270561904,0.8275617510080338,-0.10560983419418335,,,,,
0.74465695,186.62,11884,223,38,456704,-0.07340590501553379,0.0001,0.4463139,2220,0.422802734375,0.2,-0.4669565229676664,0.002170517254489823,0.811577633023262,-0.08947700262069702,,,,,
0.7300077500000001,183.57,11937,224,38,458752,-0.07612757994793355,0.0001,0.41959196,2230,0.4416015625,0.2,-0.5212934273295105,0.002122110019081447,0.7991949021816254,-0.09568921476602554,,,,,
0.7250651099999997,186.62,11987,225,38,460800,-0.06916431262507103,0.0001,0.4345311,2240,0.435986328125,0.2,-0.4895295785740018,0.0027211201708269074,0.7360070645809174,-0.10289448499679565,,,,,
0.71321047,191.4,12042,226,38,462848,-0.07844204508000985,0.0001,0.46719438,2250,0.4916015625,0.2,-0.5894434536807239,0.0017323520531135727,0.7869846969842911,-0.06160235404968262,,,,,
0.72783879,192.95,12096,227,38,464896,-0.07848915473150556,0.0001,0.47022069,2260,0.469873046875,0.2,-0.5653342683799565,0.0017815459084886242,0.799813911318779,-0.11726873368024826,,,,,
0.7404728,200.94,12151,228,38,466944,-0.08000281272106805,0.0001,0.4461841,2270,0.479052734375,0.2,-0.5651657981798053,0.001500240705354372,0.8642284721136093,-0.11077231168746948,,,,,
0.7317570499999999,198.98,12202,229,38,468992,-0.08033792960341088,0.0001,0.5333264,2280,0.485888671875,0.2,-0.5725887104868889,0.0014462379964243154,0.854634627699852,-0.10330177843570709,,,,,
0.7322393000000001,201.59,12256,230,38,471040,-0.07275574950908777,0.0001,0.6780674,2290,0.439013671875,0.2,-0.48882252257317305,0.0017830164710176178,0.8462885171175003,-0.09189056605100632,,,,,
0.7426289899999999,201.88,12311,231,38,473088,-0.0687574870273238,0.0001,0.3928508,2300,0.43046875,0.2,-0.5081107816658914,0.0017128871262684698,0.8694102615118027,-0.10267485678195953,,,,,
0.7459422500000001,202.19,12363,232,38,475136,-0.07388854536402505,0.0001,0.43729752,2310,0.437548828125,0.2,-0.4808936814777553,0.0014337780089590524,0.8794133141636848,-0.12293197214603424,,,,,
0.73948291,195.9,12416,233,38,477184,-0.0711391913704574,0.0001,0.51532865,2320,0.429541015625,0.2,-0.49686941485852004,0.0016693344758095918,0.8667424023151398,-0.09989485889673233,,,,,
0.7330022700000002,198.88,12467,234,38,479232,-0.059801566490205,0.0001,0.4315263,2330,0.41591796875,0.2,-0.4254104482010007,0.00224118173464376,0.8043113946914673,-0.0949631854891777,,,,,
0.7319097999999999,190.11,12523,235,38,481280,-0.06277284406532999,0.0001,0.48293602,2340,0.44423828125,0.2,-0.4966422106139362,0.0017513454986328725,0.7972686439752579,-0.09143465757369995,,,,,
0.7050394,178.66,12574,236,38,483328,-0.07269326659734361,0.0001,0.5049685,2350,0.44775390625,0.2,-0.4719867430627346,0.002235251471211086,0.7477436661720276,-0.10824455320835114,,,,,
0.7037204199999998,176.18,12628,237,38,485376,-0.06244652849418344,0.0001,0.5072561,2360,0.409765625,0.2,-0.43721098704263567,0.0025242522151529556,0.7511529177427292,-0.10944303125143051,,,,,
0.7041149499999999,178.03,12684,238,38,487424,-0.07705682138330303,0.0001,0.43731576,2370,0.462548828125,0.2,-0.5311824131757021,0.0016826445218612208,0.7844716757535934,-0.09889139980077744,,,,,
0.6990855099999999,182.61,12738,239,38,489472,-0.07904685348621569,0.0001,0.54182625,2380,0.48935546875,0.2,-0.5255654545500874,0.0017008674467433593,0.8261190950870514,-0.10187587141990662,,,,,
0.6943643399999999,189.78,12792,240,38,491520,-0.07880556960590183,0.0001,0.53697294,2390,0.47841796875,0.2,-0.5079031936824322,0.001622675423459441,0.7823241651058197,-0.0946289598941803,,,,,
0.6722322499999999,194.56,12846,241,38,493568,-0.08493317579850554,0.0001,0.8938823,2400,0.52890625,0.2,-0.5116109436377883,0.0011949418792028155,0.816404789686203,-0.10251864790916443,,,,,
0.6701298699999998,200.22,12898,242,38,495616,-0.07408281012903899,0.0001,0.60535145,2410,0.468359375,0.2,-0.4648710467852652,0.0016136952182932874,0.7606515139341354,-0.12376587092876434,,,,,
0.6799917499999999,206.55,12952,243,38,497664,-0.07231001190957613,0.0001,0.580901,2420,0.4689453125,0.2,-0.47842591945081947,0.0014993079348641913,0.8144720494747162,-0.11994482576847076,,,,,
0.68496851,209.49,13005,244,38,499712,-0.06788461770920548,0.0001,0.70495725,2430,0.423876953125,0.2,-0.4460772850550711,0.001672055060043931,0.8290789723396301,-0.08121497184038162,,,,,
,,,,,,-0.07364759237098042,0.0001,0.5100286,2440,0.45224609375,0.2,-0.4943601260893047,0.0015566325544568826,0.8296818733215332,-0.10082048177719116,-0.011685,1.052375,0.68528721,0.5710489185643383,0.2468523217574951
0.6726193899999999,210.13,13171,245,38,501760,,,,,,,,,,,,,,,
0.6891186800000001,213.25,13226,246,38,503808,-0.06966034715296701,0.0001,0.72404253,2450,0.45546875,0.2,-0.3786860947031528,0.002213843852041464,0.7342408895492554,-0.09029772132635117,,,,,
0.6901120100000001,216.23,13277,247,38,505856,-0.07735396811040118,0.0001,0.5653449,2460,0.453173828125,0.2,-0.43883003210648897,0.0019013476858162903,0.7847196757793427,-0.10541611909866333,,,,,
0.69115388,222.96,13331,248,38,507904,-0.0685898618248757,0.0001,0.4857262,2470,0.43759765625,0.2,-0.45154070341959596,0.0017767684508726233,0.8195686936378479,-0.0928487777709961,,,,,
0.67126092,213.2,13384,249,38,509952,-0.07794418894918635,0.0001,0.6095919,2480,0.480029296875,0.2,-0.5075169319286943,0.0012685015249189746,0.8545465618371964,-0.0884711816906929,,,,,
0.67316308,200.97,13435,250,38,512000,-0.06372640581685118,0.0001,0.49571398,2490,0.414697265625,0.2,-0.4437389741651714,0.0022521720642544097,0.8304431885480881,-0.07744520902633667,,,,,
0.7002176999999999,197.68,13488,251,38,514048,-0.07559250877675368,0.0001,0.53702444,2500,0.45283203125,0.2,-0.46207682210952045,0.0019059585907598374,0.8256920576095581,-0.122923843562603,,,,,
0.70510717,198.41,13539,252,38,516096,-0.07467859058233443,0.0001,0.54525524,2510,0.45390625,0.2,-0.492411557212472,0.0018051884419037379,0.8442420363426208,-0.11000417917966843,,,,,
0.7154490699999999,198.97,13590,253,38,518144,-0.07159804226248526,0.0001,0.58407617,2520,0.41640625,0.2,-0.44317662185058,0.0014832241578915273,0.8462963998317719,-0.10803820192813873,,,,,
0.7149440300000001,189.54,13645,254,38,520192,-0.0737294291058788,0.0001,0.49194768,2530,0.43193359375,0.2,-0.4544921088963747,0.0017876637013614527,0.8431049287319183,-0.11327411234378815,,,,,
0.73201641,190.25,13697,255,38,522240,-0.0685018464573659,0.0001,0.42468956,2540,0.426806640625,0.2,-0.4540896345861256,0.0025333469744509784,0.7733010053634644,-0.08727826178073883,,,,,
0.75180145,187.94,13749,256,38,524288,-0.0788644987042062,0.0001,0.42986208,2550,0.48427734375,0.2,-0.5579340245574713,0.0017014612032653531,0.8684044480323792,-0.10237937420606613,,,,,
0.75046069,175.6,13800,257,38,526336,-0.07639627623721026,0.0001,0.5018567,2560,0.433203125,0.2,-0.463650284986943,0.0019854066405969205,0.845409944653511,-0.08874528110027313,,,,,
0.7638457,184.41,13852,258,38,528384,-0.06921557239838876,0.0001,0.46625268,2570,0.438330078125,0.2,-0.5155151317827403,0.0022270746923823024,0.874697357416153,-0.03139202296733856,,,,,
0.7856499499999998,182.73,13904,259,38,530432,-0.07451686376007274,0.0001,0.4788524,2580,0.4548828125,0.2,-0.4881737917661667,0.0019216953915019985,0.8561328798532486,-0.0983579009771347,,,,,
0.7872176500000001,183.52,13957,260,38,532480,-0.0770981037101592,0.0001,0.5227411,2590,0.433544921875,0.2,-0.4589740516617894,0.0016966230507023284,0.8727250248193741,-0.10544488579034805,,,,,
0.75332864,173.99,14008,261,38,534528,-0.07616934641555417,0.0001,0.6162567,2600,0.4689453125,0.2,-0.4957694991491735,0.0016205410747716087,0.8582773208618164,-0.09799684584140778,,,,,
0.6552084100000001,146.63,14062,262,38,536576,-0.06432659548299853,0.0001,0.5893347,2610,0.441845703125,0.2,-0.4742398292757571,0.0031333888011431553,0.6236304342746735,-0.09980654716491699,,,,,
0.6514451,146.31,14115,263,38,538624,-0.06602128270897083,0.0001,0.59581137,2620,0.417236328125,0.2,-0.38960919152013956,0.004836952827463392,0.26623910665512085,-0.0809258446097374,,,,,
0.64278185,143.44,14168,264,38,540672,-0.07710796218016185,0.0001,0.6386491,2630,0.471142578125,0.2,-0.4846679989248514,0.0022594568123167845,0.6947281360626221,-0.09322480112314224,,,,,
0.6242693300000001,134.03,14220,265,38,542720,-0.06253789094334934,0.0001,0.4932282,2640,0.40166015625,0.2,-0.4090978825464845,0.00302116438288067,0.7252277433872223,-0.08629193902015686,,,,,
0.601123,130.23,14274,266,38,544768,-0.07229867323767394,0.0001,0.54435754,2650,0.430029296875,0.2,-0.41361630503088237,0.0021833734388565064,0.7707839012145996,-0.10141079872846603,,,,,
0.62413585,131.97,14327,267,38,546816,-0.0724289802077692,0.0001,0.6378007,2660,0.44609375,0.2,-0.44411809630692006,0.0027669959876220674,0.7101627290248871,-0.08405961841344833,,,,,
0.66431555,136.8,14381,268,38,548864,-0.07557394571776968,0.0001,0.6193001,2670,0.45380859375,0.2,-0.38877217629924415,0.0017130045582234743,0.7982889711856842,-0.11513054370880127,,,,,
0.6953294699999999,150.05,14435,269,38,550912,-0.07148894074780401,0.0001,0.66139364,2680,0.4107421875,0.2,-0.40336381723172965,0.0024758476418355714,0.788617417216301,-0.0846947655081749,,,,,
0.7400083600000003,163.83,14488,270,38,552960,-0.0733271375647746,0.0001,0.6916903,2690,0.47333984375,0.2,-0.45771175548434256,0.0018424292993586278,0.8249807059764862,-0.11361006647348404,,,,,
0.7468764599999999,170.17,14543,271,38,555008,-0.07358002414694056,0.0001,0.6229012,2700,0.439794921875,0.2,-0.4490952787920833,0.002069525802471617,0.833482176065445,-0.08785563707351685,,,,,
0.7453705199999997,168.85,14596,272,38,557056,-0.07837930542009416,0.0001,1.0399237,2710,0.4384765625,0.2,-0.36357235605828464,0.0013204808437876636,0.841506153345108,-0.11374771595001221,,,,,
0.7621320800000001,176.95,14650,273,38,559104,-0.06875935243733693,0.0001,0.61910695,2720,0.37822265625,0.2,-0.3715076824184507,0.0021997877171088475,0.8509678542613983,-0.08996625244617462,,,,,
0.7317647800000002,170.0,14703,274,38,561152,-0.07199455794179813,0.0001,0.6713454,2730,0.412548828125,0.2,-0.39646674022078515,0.002173311974729586,0.8320697993040085,-0.09530986845493317,,,,,
0.7145435800000002,175.02,14809,275,38,563200,-0.0674884512583958,0.0001,0.6405496,2740,0.43671875,0.2,-0.4158103808760643,0.002834344846996828,0.6459485292434692,-0.07456670701503754,,,,,
0.6754856100000001,172.92,14977,276,37,565248,-0.06684746904356871,0.0001,0.6369292,2750,0.462109375,0.2,-0.4544071590527892,0.00252403036247415,0.7132002115249634,-0.08175461739301682,,,,,
0.6015943000000001,150.92,15147,277,37,567296,-0.07376057078654412,0.0001,0.59801555,2760,0.447119140625,0.2,-0.4543718465603888,0.0032967239338177025,0.6679666340351105,-0.07748803496360779,,,,,
0.59656236,141.33,15313,278,37,569344,-0.0669774719455745,0.0001,0.4857319,2770,0.4375,0.2,-0.4489838338457048,0.004038641191073111,0.6121916770935059,-0.060924045741558075,,,,,
0.58172384,141.26,15482,279,36,571392,-0.06666177398001309,0.0001,0.54730296,2780,0.40859375,0.2,-0.40026875864714384,0.0028357624851196306,0.7284062802791595,-0.0916767567396164,,,,,
0.59427953,142.78,15652,280,36,573440,-0.0715488680798444,0.0001,0.50936896,2790,0.424365234375,0.2,-0.41355004590004685,0.0026767837236548074,0.750948965549469,-0.09167081117630005,,,,,
0.6207217799999999,139.66,15824,281,36,575488,-0.07340894891531206,0.0001,0.52977777,2800,0.44130859375,0.2,-0.430086815264076,0.0021678885645087576,0.8021619021892548,-0.08568072319030762,,,,,
0.6461593600000001,137.42,15994,282,36,577536,-0.06972742366197053,0.0001,0.5404358,2810,0.4138671875,0.2,-0.3945042545907199,0.003383032929195906,0.6934688091278076,-0.09772654622793198,,,,,
0.6676844000000002,144.85,16163,283,35,579584,-0.07479442574549466,0.0001,0.4733344,2820,0.413623046875,0.2,-0.425893965549767,0.0026001880589319624,0.7685399800539017,-0.08439525961875916,,,,,
0.6965566100000001,150.82,16330,284,35,581632,-0.07937474159989506,0.0001,0.6174297,2830,0.462451171875,0.2,-0.47938302988186476,0.00225010303875024,0.7954304963350296,-0.12210123986005783,,,,,
0.7191054200000002,159.24,16500,285,35,583680,-0.06713024119380862,0.0001,0.55970156,2840,0.43662109375,0.2,-0.4001940824557096,0.0020724480209537433,0.8430682867765427,-0.10392066091299057,,,,,
0.70517076,155.0,16577,286,35,585728,-0.06524336355214473,0.0001,0.5237164,2850,0.3876953125,0.2,-0.362007840257138,0.002248559290092089,0.8252716511487961,-0.09675700962543488,,,,,
0.70619308,154.22,16629,287,35,587776,-0.06977334166294895,0.0001,0.54430926,2860,0.41962890625,0.2,-0.40572196850553155,0.0027660489944537404,0.7382383346557617,-0.09474208950996399,,,,,
0.7055499099999999,155.13,16678,288,35,589824,-0.06878974883002228,0.0001,0.63065094,2870,0.43720703125,0.2,-0.42716443901881573,0.0030368473519047255,0.7339211702346802,-0.0878482311964035,,,,,
0.7246097400000001,158.42,16725,289,35,591872,-0.07262476523173973,0.0001,0.6044781,2880,0.432421875,0.2,-0.4392556890845299,0.0021232463852356885,0.7996406406164169,-0.10052677243947983,,,,,
0.7303263099999999,163.31,16776,290,35,593920,-0.047892650158610196,0.0001,0.85724413,2890,0.437548828125,0.2,-0.3906484334729612,0.001686598377818882,0.8158385306596756,-0.09472692012786865,,,,,
0.73498435,162.28,16824,291,35,595968,-0.07637567683123052,0.0001,0.5487106,2900,0.451708984375,0.2,-0.4937655787914991,0.0017109220229031053,0.8243244737386703,-0.10672139376401901,,,,,
0.74645562,162.34,16869,292,35,598016,-0.07942197943339124,0.0001,0.48895895,2910,0.45048828125,0.2,-0.48419502479955556,0.0021016418359067757,0.8072653114795685,-0.09624593704938889,,,,,
,,,,,,-0.08038628301001154,0.0001,0.5213176,2920,0.458203125,0.2,-0.46786766285076736,0.0019203174178983318,0.8191335648298264,-0.09523320943117142,0.003348,1.058059,0.7548616399999999,0.7957234202404606,0.2188085700387222
0.7548616399999999,165.99,16972,293,35,600064,,,,,,,,,,,,,,,
0.74231628,161.04,17021,294,35,602112,-0.08371719289571047,0.0001,0.672727,2930,0.481787109375,0.2,-0.48684585066512226,0.00203355022604228,0.8034796863794327,-0.10157729685306549,,,,,
0.74993599,167.14,17073,295,35,604160,-0.07047771778015885,0.0001,0.62189126,2940,0.427392578125,0.2,-0.40327002285048363,0.003349421084203641,0.6682199239730835,-0.08766534179449081,,,,,
0.74255324,162.93,17125,296,35,606208,-0.07655451244208962,0.0001,0.84877884,2950,0.42998046875,0.2,-0.3819560192525387,0.00188534853841702,0.8136669546365738,-0.10848667472600937,,,,,
0.74570554,171.2,17175,297,35,608256,-0.06668821127386763,0.0001,0.56448233,2960,0.400146484375,0.2,-0.3818136179354042,0.0027120382252178387,0.7619293183088303,-0.061824169009923935,,,,,
0.7302523000000001,174.95,17227,298,35,610304,-0.07407350126595702,0.0001,0.54947364,2970,0.455810546875,0.2,-0.4733913639560342,0.0019410752407566178,0.7664867788553238,-0.11543305963277817,,,,,
0.7308037000000001,172.23,17281,299,35,612352,-0.0721993164770538,0.0001,0.50988567,2980,0.4517578125,0.2,-0.5065829729661345,0.0020331800556959933,0.823888435959816,-0.0959431454539299,,,,,
0.73961112,172.52,17330,300,35,614400,-0.07454329997999594,0.0001,0.5473324,2990,0.444140625,0.2,-0.44864337509498,0.0019829656019282995,0.8503760695457458,-0.09470772743225098,,,,,
0.7424328899999999,176.87,17382,301,35,616448,-0.08471824229927734,0.0001,0.61118793,3000,0.471728515625,0.2,-0.5186827942728996,0.0016002801514332532,0.8607770949602127,-0.09826352447271347,,,,,
0.7472595500000001,179.11,17433,302,35,618496,-0.07876813519396819,0.0001,0.5429462,3010,0.480859375,0.2,-0.4956619363278151,0.0014990747966294293,0.8357333838939667,-0.1122380942106247,,,,,
0.7393214199999999,185.37,17487,303,35,620544,-0.07783354291459546,0.0001,0.64412034,3020,0.461669921875,0.2,-0.4796693127602339,0.0016954019474724191,0.8508478105068207,-0.08930496126413345,,,,,
0.7449550899999999,187.83,17538,304,35,622592,-0.06751701232569758,0.0001,0.5327064,3030,0.42431640625,0.2,-0.4564092457294464,0.0023145269393353373,0.7564952671527863,-0.0784187912940979,,,,,
0.7342652799999998,191.99,17588,305,35,624640,-0.07581437967892271,0.0001,0.53740454,3040,0.44228515625,0.2,-0.4645109294913709,0.00196112592384452,0.8322281241416931,-0.11735289543867111,,,,,
0.7437330300000002,205.33,17641,306,35,626688,-0.07496102743898518,0.0001,0.6766808,3050,0.471044921875,0.2,-0.49164744475856426,0.001562558785735746,0.8564280569553375,-0.08498130738735199,,,,,
0.7247807500000001,190.37,17690,307,35,628736,-0.06550915075931699,0.0001,0.43820927,3060,0.372314453125,0.2,-0.3728258838877082,0.0014444910154452373,0.8856032192707062,-0.081150583922863,,,,,
0.7335292400000002,194.31,17740,308,35,630784,-0.06490477347979322,0.0001,0.6830998,3070,0.40556640625,0.2,-0.4229843343608081,0.002659953764487,0.8115727454423904,-0.058803118765354156,,,,,
0.7419483200000001,204.22,17788,309,35,632832,-0.07045694295084104,0.0001,0.49077916,3080,0.385498046875,0.2,-0.3816869534086436,0.002233192957646679,0.8444528430700302,-0.11070844531059265,,,,,
0.71539614,200.56,17837,310,35,634880,-0.07498706362384837,0.0001,0.54341704,3090,0.42451171875,0.2,-0.45531808873638513,0.0013187828846639605,0.8839481621980667,-0.08541873097419739,,,,,
0.71604258,192.64,17888,311,35,636928,-0.0605324415198993,0.0001,0.62086093,3100,0.369384765625,0.2,-0.36870329435914756,0.0025469652568062885,0.7920102924108505,-0.07460273057222366,,,,,
0.72769127,196.81,17940,312,35,638976,-0.06861240150174126,0.0001,0.5684429,3110,0.415771484375,0.2,-0.4241838978603482,0.002278310015935858,0.821674108505249,-0.08800531178712845,,,,,
0.7094992000000001,185.91,17992,313,35,641024,-0.07136873185227159,0.0001,0.6953079,3120,0.4275390625,0.2,-0.44327038787305356,0.0017317035475571175,0.8778869584202766,-0.08384016901254654,,,,,
0.61716756,154.34,18043,314,35,643072,-0.07133388064103201,0.0001,0.67448246,3130,0.440087890625,0.2,-0.44642481291666625,0.0025918310366250807,0.7753727436065674,-0.08627008646726608,,,,,
0.62223006,156.3,18094,315,35,645120,-0.06331061167293228,0.0001,0.86316127,3140,0.439111328125,0.2,-0.41164514534175395,0.0037456975514942314,0.24594604969024658,-0.07654401659965515,,,,,
0.6039464800000001,143.05,18146,316,35,647168,-0.06845659973914735,0.0001,0.5759603,3150,0.451953125,0.2,-0.4503761689178646,0.0018154375231461018,0.6863022744655609,-0.08039871603250504,,,,,
0.5989681,141.82,18196,317,35,649216,-0.07361892450717278,0.0001,0.51919174,3160,0.453662109375,0.2,-0.47251642728224397,0.002472210406631348,0.7445459365844727,-0.09979952126741409,,,,,
0.60847848,152.68,18246,318,35,651264,-0.07081940312054939,0.0001,0.6106703,3170,0.48212890625,0.2,-0.44517418537288905,0.0019348904312209924,0.7847970128059387,-0.10377278923988342,,,,,
0.6010054,152.52,18296,319,35,653312,-0.07154962838394567,0.0001,0.67353,3180,0.485205078125,0.2,-0.5361726827919483,0.0019550000703020486,0.8174105584621429,-0.06933782994747162,,,,,
0.61356874,154.54,18347,320,35,655360,-0.07662535169220064,0.0001,0.5197487,3190,0.46337890625,0.2,-0.49440389350056646,0.0018281946147908456,0.8262296766042709,-0.0910322368144989,,,,,
0.63329551,163.47,18396,321,35,657408,-0.07470147626590914,0.0001,0.52738494,3200,0.431298828125,0.2,-0.43892690977081655,0.001881484750083473,0.8380301147699356,-0.10114207863807678,,,,,
0.6722198999999999,170.66,18447,322,35,659456,-0.07783645745366811,0.0001,0.95762104,3210,0.497412109375,0.2,-0.5606608220376075,0.001617565493506845,0.8722792118787766,-0.0865924283862114,,,,,
0.7311765599999999,184.35,18500,323,35,661504,-0.07361893486813642,0.0001,0.5156278,3220,0.4501953125,0.2,-0.4587468640878797,0.0028107657759392168,0.7013552188873291,-0.08862438797950745,,,,,
0.6970747700000001,178.55,18550,324,35,663552,-0.08167475177324376,0.0001,0.5730948,3230,0.48046875,0.2,-0.5044946138747036,0.00258071132175246,0.7383017241954803,-0.0985819473862648,,,,,
0.68519252,172.18,18602,325,35,665600,-0.0741431092203129,0.0001,0.49243245,3240,0.44931640625,0.2,-0.48376419125124814,0.002678679189739341,0.6922765076160431,-0.09310603886842728,,,,,
0.70318279,176.17,18653,326,35,667648,-0.06649692882783712,0.0001,0.6707061,3250,0.44169921875,0.2,-0.4400434784591198,0.003031558991278871,0.7148159742355347,-0.08504674583673477,,,,,
0.68505798,166.86,18707,327,35,669696,-0.07699043671891559,0.0001,0.6477603,3260,0.493994140625,0.2,-0.5546993888914585,0.001949994954338763,0.8044584840536118,-0.10398173332214355,,,,,
0.6861229799999999,170.25,18757,328,35,671744,-0.0756914772966411,0.0001,0.5489751,3270,0.4349609375,0.2,-0.4415646362118423,0.0023742453497106906,0.7395327985286713,-0.09875871241092682,,,,,
0.6754688099999998,175.99,18810,329,35,673792,-0.07906719578895718,0.0001,0.55829436,3280,0.48720703125,0.2,-0.4966389170847833,0.0018463431615600712,0.8286848962306976,-0.09417349100112915,,,,,
0.6791139700000001,177.5,18862,330,35,675840,-0.08257197629427537,0.0001,0.57316613,3290,0.50341796875,0.2,-0.5282354798167944,0.0014381674523974652,0.8784998953342438,-0.08918911218643188,,,,,
0.68477737,176.92,18913,331,35,677888,-0.07744957640534267,0.0001,1.1143451,3300,0.494189453125,0.2,-0.44149414226412775,0.0017372366246490856,0.8280301094055176,-0.10849299281835556,,,,,
0.6707131400000002,173.53,18962,332,35,679936,-0.07468795945169404,0.0001,0.5685527,3310,0.435546875,0.2,-0.4545544361695647,0.0020172801427179366,0.8038217127323151,-0.10736054927110672,,,,,
0.69473288,182.14,19016,333,35,681984,-0.07677220078476239,0.0001,0.48120087,3320,0.453564453125,0.2,-0.48933899980038403,0.002417618259823939,0.7691502124071121,-0.09795200079679489,,,,,
0.69890152,185.39,19068,334,35,684032,-0.07358899146493059,0.0001,0.5504848,3330,0.441162109375,0.2,-0.4563271367922425,0.0017544710732181556,0.8421868234872818,-0.0958506166934967,,,,,
0.69085115,179.75,19118,335,35,686080,-0.07276929770305288,0.0001,0.6042985,3340,0.45576171875,0.2,-0.505554650630802,0.0021730945736635476,0.8213425129652023,-0.10393672436475754,,,,,
0.6990705300000001,178.43,19168,336,35,688128,-0.07076033347111661,0.0001,0.5473603,3350,0.434423828125,0.2,-0.44101016875356436,0.0020310532085204614,0.8550105094909668,-0.0908912941813469,,,,,
0.67674302,165.85,19219,337,35,690176,-0.07716290780517739,0.0001,0.5577253,3360,0.441455078125,0.2,-0.46114591537043453,0.0024798961905617032,0.8089534938335419,-0.0833401009440422,,,,,
0.6801988399999997,157.79,19270,338,35,692224,-0.0720715374161955,0.0001,0.53507006,3370,0.437451171875,0.2,-0.46029225215315817,0.0029007906050537713,0.7393257915973663,-0.05583644285798073,,,,,
0.6853768300000002,159.07,19322,339,35,694272,-0.07918275570264086,0.0001,0.73576975,3380,0.4578125,0.2,-0.4826767433434725,0.00215838135809463,0.7642965167760849,-0.09522631019353867,,,,,
0.6422231700000001,140.16,19374,340,35,696320,-0.07599054392485413,0.0001,0.62637347,3390,0.47392578125,0.2,-0.5084792673587799,0.0023682646851739264,0.7410215735435486,-0.09112516790628433,,,,,
0.65198702,141.91,19422,341,35,698368,-0.07823085985146463,0.0001,0.52905524,3400,0.460693359375,0.2,-0.49255808889865876,0.004116877653359552,0.5441544651985168,-0.08147899061441422,,,,,
,,,,,,-0.07925785027910023,0.0001,0.5925222,3410,0.478076171875,0.2,-0.5196678791195154,0.0025656707057351014,0.6641947329044342,-0.06984379142522812,0.016398,1.047815,0.6444332199999999,0.9238709720168728,0.3028387081720426
0.6520933,146.14,19559,342,35,700416,,,,,,,,,,,,,,,
0.61687871,142.14,19608,343,35,702464,-0.08601354259881192,0.0001,0.6929013,3420,0.517724609375,0.2,-0.6069998512044549,0.0020720497326692567,0.7646579295396805,-0.11081721633672714,,,,,
0.62550466,143.07,19660,344,35,704512,-0.0702871819230495,0.0001,0.6443405,3430,0.47587890625,0.2,-0.5100400979630649,0.002638425190525595,0.6995362937450409,-0.0827614814043045,,,,,
0.62266581,147.03,19712,345,35,706560,-0.0754863484937232,0.0001,0.48695135,3440,0.45458984375,0.2,-0.4906618203036487,0.0025109021647949704,0.7692354917526245,-0.09651956707239151,,,,,
0.64755707,153.51,19765,346,35,708608,-0.07879028663155623,0.0001,0.51400506,3450,0.46943359375,0.2,-0.5069570987485349,0.0019208890791560407,0.8179496973752975,-0.07862355560064316,,,,,
0.65527158,157.47,19815,347,35,710656,-0.08462057040596846,0.0001,0.4723751,3460,0.48759765625,0.2,-0.5323857358656824,0.0014327438690088456,0.8823867440223694,-0.10467597097158432,,,,,
0.6801277800000001,167.28,19865,348,35,712704,-0.08051968068466522,0.0001,0.5159724,3470,0.491845703125,0.2,-0.534147594962269,0.0017483459063441843,0.8453288525342941,-0.11111536622047424,,,,,
0.70180084,180.07,19915,349,35,714752,-0.07669417105498724,0.0001,0.5454073,3480,0.47275390625,0.2,-0.5188669491559267,0.002071958747910685,0.8129121512174606,-0.10048646479845047,,,,,
0.7097830399999999,179.67,19965,350,35,716800,-0.08630133793922141,0.0001,0.6018944,3490,0.51650390625,0.2,-0.5927592416293919,0.0015025492513814243,0.8276897817850113,-0.11396213620901108,,,,,
0.7215109200000001,182.69,20014,351,35,718848,-0.0792439387383638,0.0001,0.6589527,3500,0.4654296875,0.2,-0.4753743357025087,0.002276696469743911,0.8070925027132034,-0.10466639697551727,,,,,
0.7474518400000002,187.94,20066,352,35,720896,-0.07580524718214292,0.0001,0.6082175,3510,0.489404296875,0.2,-0.5645164819434285,0.0018037535572148044,0.8121614754199982,-0.08954925090074539,,,,,
0.7488439000000001,194.29,20117,353,35,722944,-0.080410472737276,0.0001,0.5612776,3520,0.482421875,0.2,-0.5286219381727278,0.0017878742068205612,0.8315512239933014,-0.10090237855911255,,,,,
0.7627735800000001,205.61,20169,354,35,724992,-0.07763007399044,0.0001,0.5794141,3530,0.481396484375,0.2,-0.5504900674335659,0.0012432859566615662,0.8755938112735748,-0.11727651208639145,,,,,
0.7689574899999999,206.45,20222,355,35,727040,-0.0839389184373431,0.0001,0.5072255,3540,0.500244140625,0.2,-0.5612408121116459,0.0017398889847754617,0.8443663269281387,-0.0983474850654602,,,,,
0.7451991699999999,197.64,20271,356,35,729088,-0.07261514820565936,0.0001,0.55656886,3550,0.448095703125,0.2,-0.4870828645303845,0.001960886475171719,0.834648385643959,-0.08648122847080231,,,,,
0.7354012900000001,197.02,20321,357,35,731136,-0.0675569877421367,0.0001,0.4973858,3560,0.41044921875,0.2,-0.42426118785515426,0.002202344444594928,0.8350677341222763,-0.08264463394880295,,,,,
0.7507839300000002,198.8,20371,358,35,733184,-0.064103649489698,0.0001,0.4602788,3570,0.3564453125,0.2,-0.354100861819461,0.0014938903897927958,0.8172274976968765,-0.059012364596128464,,,,,
0.7561448,195.98,20423,359,35,735232,-0.07020720037980936,0.0001,0.58587295,3580,0.450634765625,0.2,-0.48136862833052874,0.0016967313662462403,0.8724847435951233,-0.09530294686555862,,,,,
0.7024245999999998,182.24,20474,360,36,737280,-0.07718453177949414,0.0001,0.6173329,3590,0.478759765625,0.2,-0.4882362044416368,0.0015980189189576776,0.8411349654197693,-0.08934556692838669,,,,,
0.70967567,182.53,20526,361,36,739328,-0.07036070658359676,0.0001,0.7189096,3600,0.461376953125,0.2,-0.45619956171140075,0.003251758222904755,0.676581859588623,-0.08632603287696838,,,,,
0.6942641700000002,165.38,20575,362,36,741376,-0.0731283020140836,0.0001,0.58804977,3610,0.471826171875,0.2,-0.4657351181842387,0.002040211465464381,0.784867912530899,-0.09745074063539505,,,,,
0.69417423,168.26,20626,363,36,743424,-0.07375627501751296,0.0001,0.559655,3620,0.460302734375,0.2,-0.4547841797582805,0.0022406848929676926,0.836261510848999,-0.08180492371320724,,,,,
0.6901877000000001,167.37,20681,364,36,745472,-0.07228851812542417,0.0001,0.6044624,3630,0.45927734375,0.2,-0.48967315731570127,0.0019425825868893299,0.8615875244140625,-0.06874293088912964,,,,,
0.69866787,164.75,20731,365,36,747520,-0.07177983034052886,0.0001,0.56287897,3640,0.440625,0.2,-0.4322432281449437,0.0028951649790542435,0.784332349896431,-0.08984043449163437,,,,,
0.7032241899999999,159.44,20784,366,36,749568,-0.07204919022042304,0.0001,0.6204983,3650,0.462353515625,0.2,-0.4827415430918336,0.0019329845634274534,0.8461304008960724,-0.09115590900182724,,,,,
0.7060046700000001,152.39,20832,367,36,751616,-0.07511819374922198,0.0001,0.64599484,3660,0.45380859375,0.2,-0.4605032871477306,0.002135729200745118,0.8513201475143433,-0.11695095896720886,,,,,
0.7401255300000001,164.44,20883,368,36,753664,-0.07717333241598681,0.0001,0.5046024,3670,0.48310546875,0.2,-0.4022639565169811,0.002379771016421728,0.788528174161911,-0.0941907986998558,,,,,
0.7366733799999998,163.29,20936,369,36,755712,-0.07569028360303491,0.0001,0.57116187,3680,0.474365234375,0.2,-0.5360544241033495,0.001740418635199603,0.8696575313806534,-0.1284686028957367,,,,,
0.7278779300000001,155.45,20990,370,36,757760,-0.07045122383569832,0.0001,0.6237528,3690,0.44697265625,0.2,-0.4486268576234579,0.0016114663916596329,0.8834715709090233,-0.11499948799610138,,,,,
0.72913234,154.83,21040,371,36,759808,-0.06763888200512155,0.0001,0.5347505,3700,0.4083984375,0.2,-0.42233706461265685,0.0030012138273377786,0.7854889631271362,-0.07699175924062729,,,,,
0.74908732,160.32,21092,372,36,761856,-0.07418301941361279,0.0001,0.5096557,3710,0.462060546875,0.2,-0.4918969520367682,0.0020651723310948,0.8404678553342819,-0.09416888654232025,,,,,
0.7608225399999999,162.28,21144,373,36,763904,-0.07723295965697616,0.0001,0.61578447,3720,0.44755859375,0.2,-0.44635719461366535,0.001652663455934089,0.8624371439218521,-0.09204820543527603,,,,,
0.75420012,161.01,21196,374,36,765952,-0.08067607929406222,0.0001,0.72054744,3730,0.47001953125,0.2,-0.49858347764238714,0.0017389583959811715,0.8674109578132629,-0.10412143915891647,,,,,
0.7663797199999999,159.12,21248,375,36,768000,-0.07212457475834526,0.0001,0.5889448,3740,0.441015625,0.2,-0.45087349684908984,0.001984838644057163,0.8495220988988876,-0.09162837266921997,,,,,
0.7554602000000001,146.89,21299,376,36,770048,-0.07430250907782465,0.0001,0.49203718,3750,0.4365234375,0.2,-0.43021021615713834,0.002107456266094232,0.8525359183549881,-0.07553042471408844,,,,,
0.7449253499999999,146.83,21350,377,36,772096,-0.07196779535152018,0.0001,0.5376407,3760,0.4017578125,0.2,-0.3973949537612498,0.0027639242369332353,0.8026111125946045,-0.08827099949121475,,,,,
0.75739435,142.33,21402,378,36,774144,-0.07037036293186247,0.0001,0.6210986,3770,0.440283203125,0.2,-0.4709418524056673,0.0023268097345862772,0.8487153947353363,-0.07196026295423508,,,,,
0.73388861,134.57,21453,379,36,776192,-0.06798953955003526,0.0001,0.5137607,3780,0.411572265625,0.2,-0.3860588167794049,0.0027229606574110223,0.7897576242685318,-0.09575437754392624,,,,,
0.7370643400000002,135.91,21500,380,36,778240,-0.07785925815987867,0.0001,0.66126174,3790,0.463720703125,0.2,-0.4036889233626425,0.0027034291582822335,0.7628322243690491,-0.09975508600473404,,,,,
0.7422920599999999,139.06,21552,381,36,780288,-0.0745167148328619,0.0001,0.63197005,3800,0.439208984375,0.2,-0.4478768179193139,0.0016369897570257309,0.8756189420819283,-0.11476004868745804,,,,,
0.73819291,137.88,21607,382,36,782336,-0.0724658834777074,0.0001,0.6367699,3810,0.4583984375,0.2,-0.450389193277806,0.0015954314325426822,0.8898451179265976,-0.07196806371212006,,,,,
0.74745803,142.57,21658,383,36,784384,-0.07038497183821164,0.0001,0.63695765,3820,0.414990234375,0.2,-0.3887164787389338,0.002454700961970957,0.8346184641122818,-0.07273204624652863,,,,,
0.7640978100000001,142.27,21710,384,36,786432,-0.07034573277051095,0.0001,0.9081501,3830,0.440966796875,0.2,-0.4621663588099182,0.0019493412641168107,0.8636071979999542,-0.05801638960838318,,,,,
0.7896531299999999,148.68,21759,385,36,788480,-0.06874660283210687,0.0001,0.53210413,3840,0.43037109375,0.2,-0.4309625276364386,0.002251213884301251,0.8574437499046326,-0.07330650836229324,,,,,
0.7806264300000001,148.03,21810,386,36,790528,-0.06737403240986169,0.0001,0.5903686,3850,0.393115234375,0.2,-0.35581053690984843,0.001517134366076789,0.8927260339260101,-0.09967190027236938,,,,,
0.7828002599999999,148.52,21863,387,36,792576,-0.06364836708235089,0.0001,0.5721193,3860,0.410205078125,0.2,-0.3809879241511226,0.0026410945556563092,0.7666991055011749,-0.08388150483369827,,,,,
0.7884929900000001,140.53,21914,388,36,794624,-0.07002820834750309,0.0001,0.5663396,3870,0.441748046875,0.2,-0.4551013461314142,0.0026539119091467,0.7913848608732224,-0.077985480427742,,,,,
0.7924060399999999,144.14,21962,389,36,796672,-0.07464218078821432,0.0001,0.6941185,3880,0.42890625,0.2,-0.39312167386524377,0.002153133225874626,0.8296894282102585,-0.09799917787313461,,,,,
0.80047717,144.45,22012,390,36,798720,-0.06926561414729804,0.0001,0.7004076,3890,0.439453125,0.2,-0.42249843282625077,0.0024038445912083263,0.7991276383399963,-0.09190739691257477,,,,,
,,,,,,-0.07069704614696093,0.0001,0.5902927,3900,0.418896484375,0.2,-0.41009265566244724,0.001958344955164648,0.8440579324960709,-0.09385903924703598,0.110172,1.062486,0.8075147000000001,0.8398198679911729,0.22032853084335222
0.8138739000000002,151.47,22130,391,36,800768,,,,,,,,,,,,,,,
0.7937074399999999,151.07,22182,392,36,802816,-0.0776493661571294,0.0001,0.5729304,3910,0.451220703125,0.2,-0.48182981545105574,0.001403179763656226,0.8985501602292061,-0.10168559849262238,,,,,
0.7894522700000002,152.41,22234,393,36,804864,-0.07026517658960074,0.0001,0.5937166,3920,0.434814453125,0.2,-0.43614942105486987,0.0022262646671151742,0.8494777083396912,-0.07507489621639252,,,,,
0.7956342200000001,152.12,22284,394,36,806912,-0.0766833962756209,0.0001,0.6311629,3930,0.4484375,0.2,-0.4502387405373156,0.0020775988416062317,0.8506686836481094,-0.10397111624479294,,,,,
0.7970577899999999,155.37,22333,395,36,808960,-0.07554901664843783,0.0001,0.630304,3940,0.444189453125,0.2,-0.4175373253412545,0.0026069817529787544,0.7665951400995255,-0.08883967995643616,,,,,
0.79417298,161.21,22383,396,36,811008,-0.07615843522071372,0.0001,0.70958763,3950,0.449560546875,0.2,-0.40304969176650046,0.0023980734051292528,0.7561833411455154,-0.09393506497144699,,,,,
0.80001507,164.57,22437,397,36,813056,-0.08081911288609263,0.0001,0.541654,3960,0.480224609375,0.2,-0.508916009310633,0.0017359861156364786,0.8289752900600433,-0.10064547508955002,,,,,
0.79708057,165.84,22489,398,36,815104,-0.0776184716145508,0.0001,0.56498784,3970,0.452490234375,0.2,-0.46285061063244937,0.0018313474432943623,0.839669793844223,-0.10619091987609863,,,,,
0.7912747600000002,165.17,22541,399,36,817152,-0.07769042636791709,0.0001,0.70865417,3980,0.45478515625,0.2,-0.45686893742531537,0.0019557605397494625,0.8323566019535065,-0.08338237553834915,,,,,
0.79793065,166.51,22589,400,36,819200,-0.07628179501771229,0.0001,0.55757916,3990,0.480615234375,0.2,-0.5179833436384798,0.0013951569337223191,0.8938377797603607,-0.10382350534200668,,,,,
0.80538353,170.59,22639,401,36,821248,-0.0818957727344241,0.0001,0.58058864,4000,0.460009765625,0.2,-0.5208462212234736,0.0017719090539685567,0.8649760037660599,-0.09599647670984268,,,,,
0.7981239499999999,170.16,22690,402,36,823296,-0.0790197912225267,0.0001,0.545056,4010,0.4798828125,0.2,-0.5215501896105706,0.0015431934951266157,0.9011190459132195,-0.10238824039697647,,,,,
0.79785657,172.84,22742,403,36,825344,-0.07252654295880348,0.0001,0.6044682,4020,0.451171875,0.2,-0.49095146879553797,0.0017293164875809453,0.876616969704628,-0.09690599888563156,,,,,
0.80977899,172.29,22795,404,36,827392,-0.08029701471677982,0.0001,0.54797673,4030,0.491845703125,0.2,-0.539566766563803,0.0017392843494235422,0.8642154633998871,-0.11368503421545029,,,,,
0.8068367900000001,174.81,22845,405,36,829440,-0.07453995271935128,0.0001,0.83651686,4040,0.466748046875,0.2,-0.5077937783673405,0.0017474267289799173,0.8786925226449966,-0.10571368783712387,,,,,
0.7824616599999998,174.59,22895,406,36,831488,-0.07969883123005275,0.0001,0.5831499,4050,0.50302734375,0.2,-0.5718947551213205,0.0015268134688085412,0.8841394633054733,-0.10211676359176636,,,,,
0.7795762199999998,172.17,22946,407,36,833536,-0.0750283929053694,0.0001,0.6009747,4060,0.47568359375,0.2,-0.529216867685318,0.0018423375531710917,0.8650137633085251,-0.08304492384195328,,,,,
0.7779053200000001,165.06,22996,408,36,835584,-0.07289798056590371,0.0001,0.6733469,4070,0.455322265625,0.2,-0.48804579526185987,0.001788105082232505,0.8799857646226883,-0.06300375610589981,,,,,
0.77678223,164.03,23048,409,36,837632,-0.0743786531907972,0.0001,0.5730287,4080,0.429443359375,0.2,-0.4390973704867065,0.0018803189068421489,0.8742435425519943,-0.09040559083223343,,,,,
0.78722578,170.08,23097,410,36,839680,-0.07729842597909738,0.0001,0.59533405,4090,0.451318359375,0.2,-0.47842287346720697,0.0016269205842036171,0.8871627897024155,-0.11546013504266739,,,,,
0.7918969499999998,173.45,23146,411,36,841728,-0.08159540864289738,0.0001,0.49080893,4100,0.48056640625,0.2,-0.5335283368825913,0.0014571671630619677,0.8825400099158287,-0.09837338328361511,,,,,
0.7653297200000001,172.12,23199,412,36,843776,-0.08213403556437697,0.0001,0.60443956,4110,0.50185546875,0.2,-0.5600636173039675,0.0016582704503889545,0.8664523959159851,-0.1048571765422821,,,,,
0.7696038099999999,180.55,23249,413,36,845824,-0.06550409056944773,0.0001,0.5873183,4120,0.478173828125,0.2,-0.5105620553717017,0.002412725904287072,0.7300541400909424,-0.0703735500574112,,,,,
0.7792207499999999,185.43,23300,414,36,847872,-0.08115117049310357,0.0001,1.0803127,4130,0.5099609375,0.2,-0.4591748480685055,0.001670175013896369,0.8051602393388748,-0.10777312517166138,,,,,
0.7937042900000002,189.58,23348,415,36,849920,-0.0783457559242379,0.0001,0.64979064,4140,0.4810546875,0.2,-0.49386271126568315,0.0014969626550737302,0.8219854682683945,-0.08937473595142365,,,,,
0.7935265500000002,191.84,23400,416,36,851968,-0.08114353606360965,0.0001,0.62369883,4150,0.502978515625,0.2,-0.5231980600394308,0.0013719839451368898,0.8572733104228973,-0.09653030335903168,,,,,
0.7910711200000001,195.95,23450,417,36,854016,-0.07421183680417016,0.0001,0.6601579,4160,0.46298828125,0.2,-0.4278348804451525,0.0016023720938392217,0.8679056316614151,-0.11264576017856598,,,,,
0.7982312500000001,207.34,23501,418,36,856064,-0.07522779124847148,0.0001,0.6049774,4170,0.465673828125,0.2,-0.5027750954963267,0.0014842570424661971,0.8866513445973396,-0.0916144847869873,,,,,
0.7996616999999999,212.93,23551,419,36,858112,-0.08253307138220407,0.0001,0.59123254,4180,0.5048828125,0.2,-0.5751539723947644,0.0010611496363708284,0.9197304025292397,-0.0957236960530281,,,,,
0.7866683699999999,214.61,23602,420,36,860160,-0.07663633176125587,0.0001,0.6056619,4190,0.498583984375,0.2,-0.5479137635789811,0.0013509030961358804,0.905443087220192,-0.09353809058666229,,,,,
0.7886710499999999,220.28,23652,421,36,862208,-0.07505813195020891,0.0001,0.55243134,4200,0.49951171875,0.2,-0.5748104202561081,0.0015551870799754397,0.86991086602211,-0.09629996120929718,,,,,
0.7837027699999999,223.26,23705,422,36,864256,-0.07865340909920633,0.0001,0.5362613,4210,0.499560546875,0.2,-0.5487685901112854,0.0014343371400173054,0.8859374225139618,-0.09678813815116882,,,,,
0.8074627700000001,229.63,23753,423,36,866304,-0.07480013072490692,0.0001,0.63604593,4220,0.498828125,0.2,-0.5432666684500873,0.001281617529639334,0.8948695957660675,-0.08055631816387177,,,,,
0.79548687,220.74,23803,424,36,868352,-0.07297028830507771,0.0001,0.6165411,4230,0.46806640625,0.2,-0.48852415857836606,0.001424436293564213,0.8948699161410332,-0.06882032006978989,,,,,
0.78426778,217.14,23853,425,36,870400,-0.07384003620245494,0.0001,0.57958424,4240,0.45654296875,0.2,-0.4583609884604812,0.0018139498186428682,0.8700006753206253,-0.10648302733898163,,,,,
0.7707247600000001,220.89,23906,426,36,872448,-0.07970702414750122,0.0001,0.6617166,4250,0.48740234375,0.2,-0.4830368900671601,0.001730242203666421,0.8197862654924393,-0.08976634591817856,,,,,
0.7677404200000001,228.38,23958,427,36,874496,-0.07554205709020607,0.0001,0.6671388,4260,0.482373046875,0.2,-0.45776803968474267,0.0013185977710236329,0.8014838397502899,-0.07392001897096634,,,,,
0.7648361200000001,233.95,24009,428,36,876544,-0.07379430617002072,0.0001,1.0228353,4270,0.5201171875,0.2,-0.4651534903794527,0.0013877936495191533,0.7610637992620468,-0.09081916511058807,,,,,
0.7453183899999999,218.18,24057,429,36,878592,-0.07687619212665595,0.0001,0.81387657,4280,0.478466796875,0.2,-0.4397617128677666,0.0014451333454417181,0.7919457703828812,-0.09935789555311203,,,,,
0.7438492400000001,227.01,24106,430,36,880640,-0.07128715853323228,0.0001,0.93235093,4290,0.45146484375,0.2,-0.4465277628041804,0.0017482346052929642,0.7920266836881638,-0.07427593320608139,,,,,
0.7323375299999999,225.38,24153,431,36,882688,-0.07557669270900078,0.0001,0.7286639,4300,0.490283203125,0.2,-0.5257777241058648,0.001288754165852879,0.7932064533233643,-0.10495316982269287,,,,,
0.7329955300000001,226.88,24202,432,36,884736,-0.07161741941235959,0.0001,0.7138591,4310,0.481103515625,0.2,-0.4996306074783206,0.0023165195272667914,0.7640074640512466,-0.09268953651189804,,,,,
0.7308535500000001,221.07,24252,433,36,886784,-0.07902516216563527,0.0001,0.6803646,4320,0.49482421875,0.2,-0.5458755563944578,0.0014249213079892797,0.8413697630167007,-0.09628124535083771,,,,,
0.71453794,222.16,24303,434,36,888832,-0.07892835685634055,0.0001,0.7158729,4330,0.4763671875,0.2,-0.48848991403356196,0.0014025313683305285,0.8784094527363777,-0.11590205132961273,,,,,
0.7222060800000001,219.83,24355,435,36,890880,-0.06507459304702934,0.0001,0.58899343,4340,0.478369140625,0.2,-0.49914494501426815,0.0022023790816092514,0.7624781876802444,-0.06358750909566879,,,,,
0.7293032399999998,220.99,24406,436,36,892928,-0.06586673499259632,0.0001,0.5398384,4350,0.44775390625,0.2,-0.4660466345027089,0.0012410486472617776,0.8912719115614891,-0.07900208234786987,,,,,
0.7436440000000001,206.87,24457,437,36,894976,-0.07540556301246397,0.0001,0.5861243,4360,0.49248046875,0.2,-0.5378821522928774,0.001311777192313457,0.9021846875548363,-0.09536492824554443,,,,,
0.7559846900000001,202.0,24511,438,36,897024,-0.07382433545135428,0.0001,0.6116389,4370,0.443017578125,0.2,-0.4447890087030828,0.002042461733981327,0.874054878950119,-0.09241020679473877,,,,,
0.7615557900000001,194.88,24561,439,36,899072,-0.06858617112156935,0.0001,0.60818624,4380,0.4537109375,0.2,-0.47079130057245494,0.0017437629290725453,0.8765559121966362,-0.08253582566976547,,,,,
,,,,,,-0.0758034739177674,0.0001,0.6238093,4390,0.4728515625,0.2,-0.4729870595037937,0.001736843773687724,0.8885711804032326,-0.10275615751743317,-0.005198,1.061436,0.76671831,0.42781311676598077,0.2282284605801255
0.7654823600000001,182.77,24644,440,36,901120,,,,,,,,,,,,,,,
0.7631915299999998,175.14,24695,441,36,903168,-0.07482916004955768,0.0001,0.8600335,4400,0.455908203125,0.2,-0.43453406551852825,0.0022760107789508766,0.8090381026268005,-0.10559652745723724,,,,,
0.7745683299999999,169.02,24746,442,36,905216,-0.07635875552077778,0.0001,0.5963757,4410,0.461181640625,0.2,-0.45041408063843846,0.0022489095401397206,0.8322734534740448,-0.11249921470880508,,,,,
0.7643359699999999,163.9,24797,443,36,907264,-0.07058582628087606,0.0001,0.5770348,4420,0.46044921875,0.2,-0.4378908801823854,0.0019223032550144126,0.8362201899290085,-0.1100187674164772,,,,,
0.75404403,159.62,24849,444,36,909312,-0.07270866068138275,0.0001,0.60237265,4430,0.463134765625,0.2,-0.4679719381034374,0.0017367910313623725,0.8720926642417908,-0.09624382853507996,,,,,
0.7429775500000001,156.57,24903,445,36,911360,-0.07071319756505545,0.0001,0.5664207,4440,0.45107421875,0.2,-0.47997778756543996,0.001658612640130741,0.885583221912384,-0.08406247943639755,,,,,
0.7179480699999999,149.85,24955,446,36,913408,-0.07486884097452276,0.0001,0.57715845,4450,0.44619140625,0.2,-0.4426413755863905,0.0019361880433280021,0.8460647165775299,-0.11727510392665863,,,,,
0.7257453299999999,145.51,25007,447,36,915456,-0.07276700584043283,0.0001,0.5791875,4460,0.43701171875,0.2,-0.4454067305661738,0.0032588764985121087,0.7705794870853424,-0.10436215251684189,,,,,
0.7200645900000001,149.33,25059,448,36,917504,-0.0730810974520864,0.0001,0.6661923,4470,0.424951171875,0.2,-0.41242371741682293,0.0023815173748516828,0.8109898865222931,-0.055611975491046906,,,,,
0.70093841,159.26,25109,449,36,919552,-0.07674065657483879,0.0001,0.66867733,4480,0.487890625,0.2,-0.5508160227909684,0.0017054628688129014,0.8417098820209503,-0.09784206748008728,,,,,
0.7118067100000001,157.02,25161,450,36,921600,-0.07092908010235988,0.0001,0.5032771,4490,0.484130859375,0.2,-0.6004521302878857,0.0016997798538795905,0.8715013563632965,-0.10565702617168427,,,,,
0.70138697,151.83,25213,451,36,923648,-0.0730584593693493,0.0001,0.57017934,4500,0.443505859375,0.2,-0.4679700178094208,0.0017550407988892402,0.869747206568718,-0.07530771940946579,,,,,
0.70135821,156.72,25265,452,36,925696,-0.07357569755113218,0.0001,0.5093477,4510,0.45849609375,0.2,-0.4954707878641784,0.0018277485909493408,0.8932419866323471,-0.11709710210561752,,,,,
0.6944113600000001,161.98,25318,453,36,927744,-0.07995417282800191,0.0001,0.49247634,4520,0.480712890625,0.2,-0.5264321434311569,0.0013208182183916505,0.9239929914474487,-0.08317946642637253,,,,,
0.7118424,168.58,25370,454,36,929792,-0.07209647491399665,0.0001,0.5638037,4530,0.49033203125,0.2,-0.559886844176799,0.002116820649098372,0.8314711600542068,-0.08729466050863266,,,,,
0.7005999600000001,172.8,25422,455,36,931840,-0.08183045682962983,0.0001,0.5303064,4540,0.496826171875,0.2,-0.5473525729030371,0.0016958506212176871,0.8827795386314392,-0.09141728281974792,,,,,
0.6962308800000001,178.58,25477,456,36,933888,-0.0757929773593787,0.0001,0.70697606,4550,0.48271484375,0.2,-0.5138572898693383,0.0016802365042167366,0.8819898217916489,-0.10141593962907791,,,,,
0.7013995199999999,181.66,25633,457,36,935936,-0.07085950656910427,0.0001,0.6787262,4560,0.484619140625,0.2,-0.49858952267095447,0.0019084852092419169,0.843717485666275,-0.09072433412075043,,,,,
0.7156437999999998,178.81,25813,458,36,937984,-0.07382567910535727,0.0001,0.53180027,4570,0.526953125,0.2,-0.6085523054003715,0.0010862122269827523,0.8873167708516121,-0.08232280611991882,,,,,
0.71357783,188.33,25994,459,36,940032,-0.07289353640808258,0.0001,0.52937263,4580,0.476611328125,0.2,-0.5188736958429218,0.002922189297169098,0.7982587218284607,-0.08016461133956909,,,,,
0.73147933,194.66,26178,460,35,942080,-0.07394356959557627,0.0001,0.53930783,4590,0.489794921875,0.2,-0.5309100015088916,0.0013542471349865081,0.8883334025740623,-0.10466498136520386,,,,,
0.7335717699999997,197.45,26260,461,35,944128,-0.0794651907926891,0.0001,0.6637649,4600,0.526123046875,0.2,-0.6068008401431143,0.0013421735407973755,0.9044389426708221,-0.10345280915498734,,,,,
0.7377609,187.2,26313,462,35,946176,-0.07742601624049712,0.0001,0.5544735,4610,0.47783203125,0.2,-0.5000389409251511,0.001580585634746967,0.8920396268367767,-0.08446866273880005,,,,,
0.7510662099999998,183.12,26365,463,35,948224,-0.07663470153929666,0.0001,0.7968241,4620,0.436572265625,0.2,-0.4164158786647022,0.002349292604048969,0.8507750630378723,-0.1026095524430275,,,,,
0.7682026300000001,184.44,26419,464,35,950272,-0.07498878053447697,0.0001,0.7720231,4630,0.457861328125,0.2,-0.4561898475512862,0.0019938647465096437,0.8797311037778854,-0.07251834869384766,,,,,
0.7857250400000001,185.53,26472,465,35,952320,-0.08524094646563754,0.0001,0.6591599,4640,0.495947265625,0.2,-0.47340161772444844,0.001843588750489289,0.8540951460599899,-0.1003124937415123,,,,,
0.77595725,176.23,26525,466,35,954368,-0.07351511441520416,0.0001,0.5715873,4650,0.47060546875,0.2,-0.48581282515078783,0.002290514864034776,0.8506263792514801,-0.12000896036624908,,,,,
0.7828194400000001,174.77,26576,467,35,956416,-0.06993667890783399,0.0001,0.6117548,4660,0.483203125,0.2,-0.5024343652650713,0.002099542018004286,0.8451822251081467,-0.09040606766939163,,,,,
0.7651151300000001,162.77,26630,468,35,958464,-0.07367173424572684,0.0001,0.70413506,4670,0.4583984375,0.2,-0.46220704466104506,0.002540520435286453,0.7731530666351318,-0.06996072083711624,,,,,
0.7611603499999998,162.53,26685,469,35,960512,-0.07042333462450187,0.0001,0.6279125,4680,0.44052734375,0.2,-0.4103854179382324,0.0028115057401009837,0.745276927947998,-0.10908666253089905,,,,,
0.7690006600000001,172.81,26739,470,35,962560,-0.07465877487557009,0.0001,0.6141591,4690,0.48759765625,0.2,-0.49710220070555805,0.002260275376647769,0.7854932248592377,-0.10948432236909866,,,,,
0.7713836800000001,173.25,26793,471,36,964608,-0.07840203125670087,0.0001,0.64533764,4700,0.49267578125,0.2,-0.542708329576999,0.0015430895107783726,0.8634211272001266,-0.10928190499544144,,,,,
0.7542496100000001,167.78,26847,472,36,966656,-0.07904849242331694,0.0001,0.5596869,4710,0.45263671875,0.2,-0.46442428715527057,0.0015665071143303067,0.8914139419794083,-0.10398375242948532,,,,,
0.75672737,168.81,26901,473,36,968704,-0.07526047977153212,0.0001,0.5648642,4720,0.44296875,0.2,-0.45410273214802144,0.0024020116270548897,0.8140718191862106,-0.08580578118562698,,,,,
0.76003524,176.43,26955,474,36,970752,-0.07931226168875583,0.0001,0.54316187,4730,0.4794921875,0.2,-0.5355293692089618,0.0013763041295533184,0.8783609718084335,-0.08402371406555176,,,,,
0.7630780200000001,175.37,27007,475,36,972800,-0.07985735418915282,0.0001,0.6552018,4740,0.510009765625,0.2,-0.5460694249719381,0.0012825587731640554,0.8921966031193733,-0.07702820748090744,,,,,
0.7733278800000002,177.96,27058,476,36,974848,-0.07856204772542696,0.0001,0.64344114,4750,0.48203125,0.2,-0.5157990725710988,0.0022459452658949884,0.8268772065639496,-0.11683190613985062,,,,,
0.7862204500000002,184.8,27109,477,36,976896,-0.07808018967625685,0.0001,0.7769449,4760,0.477880859375,0.2,-0.4800359820947051,0.0019751770936636604,0.855924665927887,-0.10160939395427704,,,,,
0.7931943600000001,181.1,27160,478,36,978944,-0.08329789494164289,0.0001,0.4966741,4770,0.51728515625,0.2,-0.5806097753345967,0.0016430307889095275,0.8744402229785919,-0.07868648320436478,,,,,
0.7924848700000001,180.82,27215,479,36,980992,-0.0748597877274733,0.0001,0.60611695,4780,0.47490234375,0.2,-0.47825019219890236,0.0021724814967456043,0.8515064716339111,-0.1084776222705841,,,,,
0.78386769,187.62,27267,480,36,983040,-0.07992897016520147,0.0001,0.6244695,4790,0.465625,0.2,-0.47827576817944645,0.0017262883811781649,0.8727719932794571,-0.08929258584976196,,,,,
0.77539427,195.42,27321,481,36,985088,-0.07878795848228037,0.0001,0.67069995,4800,0.49697265625,0.2,-0.5492910378612578,0.0012315482956182678,0.8800388127565384,-0.08108565211296082,,,,,
0.7886174899999999,201.66,27373,482,36,987136,-0.07321814223832916,0.0001,0.5390858,4810,0.480615234375,0.2,-0.5153455842286349,0.0015987449574822676,0.8055408149957657,-0.10274197906255722,,,,,
0.7820753500000001,202.25,27426,483,36,989184,-0.08140894357929937,0.0001,0.6679999,4820,0.501123046875,0.2,-0.5462689209729433,0.0014578108517525833,0.8294137865304947,-0.10092899948358536,,,,,
0.7838439399999999,196.09,27478,484,36,991232,-0.08099658428691328,0.0001,0.7270212,4830,0.484716796875,0.2,-0.4920343367382884,0.0018333953599722007,0.787557065486908,-0.10099340230226517,,,,,
0.7846664600000001,200.38,27531,485,36,993280,-0.08152384885179345,0.0001,0.7227112,4840,0.498388671875,0.2,-0.4958583192899823,0.001969742545952613,0.7888857126235962,-0.1047450378537178,,,,,
0.7817514500000001,205.54,27584,486,36,995328,-0.07440054296457674,0.0001,0.82711846,4850,0.4869140625,0.2,-0.4892833400517702,0.0017062865306797903,0.8271280974149704,-0.0775490328669548,,,,,
0.7823617699999998,197.9,27636,487,36,997376,-0.07483192612999119,0.0001,0.7176256,4860,0.49345703125,0.2,-0.5124000767245889,0.0013156073840946193,0.8614634126424789,-0.09201942384243011,,,,,
0.7710490899999999,197.6,27689,488,36,999424,-0.0806540387624409,0.0001,0.60629654,4870,0.460986328125,0.2,-0.45543129397556187,0.0020141688353760403,0.8308603912591934,-0.10478709638118744,,,,,
,,,,,,-0.07761229437892325,0.0001,0.6548654,4880,0.474072265625,0.2,-0.4861903849989176,0.0028090128107578494,0.8089520633220673,-0.0749550610780716,-0.010696,1.06948,0.7724791599999999,0.7987097596524109,0.2449936112894669
0.7726675900000001,191.76,27809,489,36,1001472,,,,,,,,,,,,,,,
