time/time_elapsed,rollout/ep_len_mean,time/iterations,time/fps,time/total_timesteps,rollout/ep_rew_mean,train/explained_variance,train/learning_rate,train/loss,train/entropy_loss,train/n_updates,train/clip_range,train/value_loss,train/clip_fraction,train/approx_kl,train/policy_gradient_loss,train/mean_reward,train/max_reward,train/min_reward,eval/mean_reward,train/std_reward
52,126.0,1,39,2048,-4.193956249999999,,,,,,,,,,,,,,,
104,135.46666666666667,2,39,4096,-4.486846666666667,-0.014250874519348145,0.0001,-0.030616052448749542,-1.0963188532739878,10,0.2,0.04961764607287478,0.01376953125,0.005891841,-0.008845210442086682,,,,,
158,137.8181818181818,3,38,6144,-4.545606818181818,0.07716542482376099,0.0001,-0.08259311318397522,-1.0852483842521905,20,0.2,0.06552995320525952,0.157861328125,0.020805586,-0.048323474565404465,,,,,
211,138.89655172413794,4,38,8192,-4.573222413793103,0.21575093269348145,0.0001,-0.08651287853717804,-1.0652747984975577,30,0.2,0.07585616481665056,0.2259765625,0.024792131,-0.06178430027503055,,,,,
266,141.77777777777777,5,38,10240,-4.658459722222222,0.24797767400741577,0.0001,-0.11211074143648148,-1.0580379635095596,40,0.2,0.08480994068959262,0.279345703125,0.029150505,-0.07392870867042803,,,,,
320,141.86046511627907,6,38,12288,-4.643166279069767,0.17646050453186035,0.0001,-0.10675688087940216,-1.030684607475996,50,0.2,0.08839174667664337,0.294287109375,0.031100517,-0.07403762574831489,,,,,
372,140.24,7,38,14336,-4.573345,0.09494411945343018,0.0001,-0.11842339485883713,-1.009181991033256,60,0.2,0.1092349740152713,0.3173828125,0.035156623,-0.08076794688531663,,,,,
424,146.4,8,38,16384,-4.736530999999999,0.15712082386016846,0.0001,-0.11177580058574677,-0.9919400060549378,70,0.2,0.09991139648482203,0.349853515625,0.03715287,-0.08179682390764356,,,,,
476,150.24,9,38,18432,-4.836515,0.18510472774505615,0.0001,-0.1130385547876358,-0.966299232840538,80,0.2,0.08275961340987123,0.359765625,0.04693725,-0.08413446765334812,,,,,
529,157.6,10,38,20480,-5.042915000000001,0.17017823457717896,0.0001,-0.12364951521158218,-0.9227479659020901,90,0.2,0.08267826044029788,0.384033203125,0.04762788,-0.08699097885109949,,,,,
582,162.08,11,38,22528,-5.161317,0.1384785771369934,0.0001,-0.11590570956468582,-0.9116594867780805,100,0.2,0.0933560627992847,0.386474609375,0.049762838,-0.0824256755237002,,,,,
636,165.6,12,38,24576,-5.241368999999999,-0.010440707206726074,0.0001,-0.1078554317355156,-0.9057304505258799,110,0.2,0.07728489320579683,0.411279296875,0.056154966,-0.08941872721770779,,,,,
689,163.6,13,38,26624,-5.158405,0.04219537973403931,0.0001,-0.11822904646396637,-0.8963339284062386,120,0.2,0.12192317025037483,0.388330078125,0.049166612,-0.07991560710943305,,,,,
744,166.8,14,38,28672,-5.258579999999999,0.0426863431930542,0.0001,-0.11121321469545364,-0.8857560398057103,130,0.2,0.10885003181174398,0.415283203125,0.055618167,-0.08172119464434217,,,,,
795,171.52,15,38,30720,-5.387987999999999,0.15137523412704468,0.0001,-0.12281741201877594,-0.8863202391192317,140,0.2,0.09287146244751057,0.431103515625,0.059690855,-0.08206489352160133,,,,,
847,175.6,16,38,32768,-5.491288,0.1367068886756897,0.0001,-0.09888725727796555,-0.8595412492752075,150,0.2,0.09425004862423521,0.44013671875,0.06185318,-0.08579170303419233,,,,,
899,165.28,17,38,34816,-5.200308,0.22000938653945923,0.0001,-0.11665180325508118,-0.8579139105975628,160,0.2,0.07099160618963651,0.453662109375,0.06557998,-0.08512846530647948,,,,,
952,163.44,18,38,36864,-5.120317,0.2181883454322815,0.0001,-0.1209118664264679,-0.8553060738369822,170,0.2,0.10619643417594489,0.43330078125,0.06634155,-0.08555744923651218,,,,,
1005,156.32,19,38,38912,-4.924313000000001,0.2760307788848877,0.0001,-0.10705289989709854,-0.805439823307097,180,0.2,0.0886967950995313,0.445947265625,0.07932192,-0.08887534926179796,,,,,
1058,155.68,20,38,40960,-4.938868,0.3059900403022766,0.0001,-0.09448365122079849,-0.8101061107590795,190,0.2,0.09799844135413878,0.42744140625,0.07196222,-0.08113419147848618,,,,,
1110,161.44,21,38,43008,-5.106662,0.13923221826553345,0.0001,-0.09734092652797699,-0.7939517771825194,200,0.2,0.09850925326172728,0.43359375,0.07004924,-0.08097741089586634,,,,,
1162,159.28,22,38,45056,-5.025539,0.04262417554855347,0.0001,-0.12046357244253159,-0.7745147634297609,210,0.2,0.08658036694687325,0.428369140625,0.083633594,-0.08395858488802332,,,,,
1215,157.92,23,38,47104,-4.966251999999999,0.033150434494018555,0.0001,-0.09344429522752762,-0.7397516308352351,220,0.2,0.11470537212153431,0.42216796875,0.07611402,-0.0782250086806016,,,,,
1269,159.2,24,38,49152,-5.006182,0.07543706893920898,0.0001,-0.10459188371896744,-0.7057566497474909,230,0.2,0.08769233692728448,0.433154296875,0.10025171,-0.08218895547033753,,,,,
1322,166.37,25,38,51200,-5.2014320000000005,-0.06593859195709229,0.0001,-0.1221279501914978,-0.6838463904336095,240,0.2,0.08451894349709618,0.43212890625,0.09931063,-0.07794182628567796,,,,,
1376,167.41,26,38,53248,-5.227315000000001,0.09431582689285278,0.0001,-0.11031091213226318,-0.6650756496936083,250,0.2,0.07408402137516532,0.41494140625,0.11052804,-0.08199716132949106,,,,,
1428,175.38,27,38,55296,-5.4191439999999975,0.11675018072128296,0.0001,-0.09596969187259674,-0.6610025389119982,260,0.2,0.07676803507929435,0.420361328125,0.10969414,-0.08092901514610276,,,,,
1482,185.08,28,38,57344,-5.654556000000001,-0.090354323387146,0.0001,-0.10041001439094543,-0.6558989245444536,270,0.2,0.07223183409514604,0.437841796875,0.10433517,-0.07791923624172341,,,,,
1536,195.61,29,38,59392,-5.939552000000001,0.04787492752075195,0.0001,-0.12250375747680664,-0.6199074853211641,280,0.2,0.05789674168190686,0.42900390625,0.13618252,-0.08109347746940329,,,,,
1589,202.38,30,38,61440,-6.098865999999998,0.035049378871917725,0.0001,-0.08887414634227753,-0.6135306686162949,290,0.2,0.06547580060869222,0.39951171875,0.11491414,-0.0716358100020443,,,,,
1641,205.02,31,38,63488,-6.150084999999999,0.08157175779342651,0.0001,-0.0953836739063263,-0.5999134529381991,300,0.2,0.072576312685851,0.422705078125,0.120953545,-0.07193148706573993,,,,,
1696,211.26,32,38,65536,-6.3268499999999985,0.22784793376922607,0.0001,-0.09439507126808167,-0.623631757684052,310,0.2,0.07075785604829435,0.4240234375,0.11109033,-0.07809786444122438,,,,,
1749,219.36,33,38,67584,-6.536422,0.1371724009513855,0.0001,-0.11653071641921997,-0.6595686389133334,320,0.2,0.07545831687457394,0.432763671875,0.12046881,-0.07984520407917443,,,,,
1801,231.67,34,38,69632,-6.8349509999999984,0.039211392402648926,0.0001,-0.11736223846673965,-0.6061212139204144,330,0.2,0.05703201147262007,0.438671875,0.13429767,-0.08126070871658157,,,,,
1854,236.76,35,38,71680,-6.948017000000001,-0.11413705348968506,0.0001,-0.12324847280979156,-0.597505490668118,340,0.2,0.05744306206252077,0.438232421875,0.16986498,-0.08440700256614946,,,,,
1907,246.99,36,38,73728,-7.181594999999999,0.04928743839263916,0.0001,-0.08527224510908127,-0.6052119370549918,350,0.2,0.06823695192142623,0.4400390625,0.15154503,-0.08005331242165994,,,,,
1960,249.44,37,38,75776,-7.2274020000000005,-0.1308271884918213,0.0001,-0.10442301630973816,-0.5952034566551447,360,0.2,0.05126720179760014,0.4455078125,0.15326285,-0.08235413207439705,,,,,
2013,260.98,38,38,77824,-7.520762000000001,0.10671830177307129,0.0001,-0.12737171351909637,-0.6187226534821093,370,0.2,0.06803384612285299,0.4287109375,0.12883165,-0.08153548313712236,,,,,
2067,265.83,39,38,79872,-7.666105,0.025162041187286377,0.0001,-0.07746706902980804,-0.5850992954336107,380,0.2,0.059966293736943045,0.42509765625,0.16369364,-0.07458157975052018,,,,,
2120,268.95,40,38,81920,-7.767479999999999,0.24331295490264893,0.0001,-0.11110583692789078,-0.6111507652327418,390,0.2,0.0498233905309462,0.47236328125,0.1626952,-0.07785940410685725,,,,,
2174,278.6,41,38,83968,-8.018253,0.16969692707061768,0.0001,-0.10500330477952957,-0.6218361249193549,400,0.2,0.06216677284610341,0.450537109375,0.1468497,-0.08298129526956473,,,,,
2227,283.24,42,38,86016,-8.147877999999999,0.011185765266418457,0.0001,-0.10342002660036087,-0.586424024309963,410,0.2,0.05257143441413063,0.4240234375,0.14905092,-0.08086243520956486,,,,,
2281,285.5,43,38,88064,-8.185062,-0.08177053928375244,0.0001,-0.12817296385765076,-0.5676600829698145,420,0.2,0.058954918835661375,0.423583984375,0.14230622,-0.07367191374360119,,,,,
2337,296.88,44,38,90112,-8.493651999999999,0.09997957944869995,0.0001,-0.1029091328382492,-0.5973195744678378,430,0.2,0.05908637291868217,0.436181640625,0.143594,-0.07365937942813616,,,,,
2390,304.47,45,38,92160,-8.657345999999999,-0.16872966289520264,0.0001,-0.09758482128381729,-0.5859910001978278,440,0.2,0.05700499801459955,0.428662109375,0.16531818,-0.07723455025115981,,,,,
2444,312.2,46,38,94208,-8.849514,0.15276390314102173,0.0001,-0.10722162574529648,-0.5692773876711726,450,0.2,0.05016259721305687,0.417919921875,0.15093209,-0.07270449352217838,,,,,
2498,314.65,47,38,96256,-8.913318,-0.006342291831970215,0.0001,-0.05693220719695091,-0.6198446732014418,460,0.2,0.060859206761233506,0.417919921875,0.12554681,-0.07195406989776529,,,,,
2550,316.65,48,38,98304,-8.944704000000002,-0.10474395751953125,0.0001,-0.11762188374996185,-0.6084206162951886,470,0.2,0.05799007426394383,0.44619140625,0.14625081,-0.081625057925703,,,,,
,,,,,,-0.022673845291137695,0.0001,-0.08792440593242645,-0.6312740514054894,480,0.2,0.07372804319602437,0.4220703125,0.122393854,-0.07355894010397605,-8.658289000000002,-3.6415,-15.8411,-5.5963401337852705,4.029868291790564
2608,304.05,49,38,100352,-8.698089000000001,,,,,,,,,,,,,,,
2661,305.78,50,38,102400,-8.702515,-0.008893370628356934,0.0001,-0.08558517694473267,-0.6148782728239894,490,0.2,0.08147943165240576,0.434765625,0.109273545,-0.07809240628266707,,,,,
2713,297.82,51,38,104448,-8.544507999999999,0.0290411114692688,0.0001,-0.07644832134246826,-0.5922717733308673,500,0.2,0.0800838748094975,0.436962890625,0.14416951,-0.07913476767134853,,,,,
2764,281.27,52,38,106496,-8.114358,0.1151200532913208,0.0001,-0.07468029111623764,-0.5789486165158451,510,0.2,0.08250888409675099,0.41376953125,0.1383942,-0.07322188578546047,,,,,
2818,277.46,53,38,108544,-8.007172,0.021768629550933838,0.0001,-0.09754098206758499,-0.5969809549860656,520,0.2,0.09677100901026278,0.426953125,0.1305323,-0.07789014855807182,,,,,
2870,268.77,54,38,110592,-7.785397000000001,-0.04214179515838623,0.0001,-0.1071515902876854,-0.5670477558858693,530,0.2,0.062653749276069,0.450341796875,0.18767673,-0.08026849434245378,,,,,
2925,269.35,55,38,112640,-7.7581830000000025,0.10913699865341187,0.0001,-0.0924769937992096,-0.56034225365147,540,0.2,0.07189228163042571,0.42509765625,0.13880065,-0.07862205877027009,,,,,
2980,269.08,56,38,114688,-7.696383999999999,0.033602774143218994,0.0001,-0.11073567718267441,-0.5413792427629233,550,0.2,0.06297226168244378,0.437646484375,0.16546707,-0.07809351322357543,,,,,
3035,267.16,57,38,116736,-7.643878999999999,-0.10193765163421631,0.0001,-0.1253262758255005,-0.5150708509609103,560,0.2,0.06589796603511786,0.423681640625,0.22124906,-0.07406472070724704,,,,,
3088,247.44,58,38,118784,-7.149146999999999,0.09369528293609619,0.0001,-0.10814586281776428,-0.5668386198580265,570,0.2,0.0579103638563538,0.439404296875,0.18967673,-0.08121625379717443,,,,,
3141,249.81,59,38,120832,-7.191942999999998,0.05339610576629639,0.0001,-0.0978865772485733,-0.5989660928957165,580,0.2,0.06632505788875279,0.454736328125,0.16413632,-0.07918821749190101,,,,,
3195,254.9,60,38,122880,-7.344731000000001,0.09859347343444824,0.0001,-0.12005813419818878,-0.600826315023005,590,0.2,0.06683944725518813,0.459375,0.1596576,-0.08098707361787091,,,,,
3246,257.64,61,38,124928,-7.413969000000002,0.10343307256698608,0.0001,-0.09949025511741638,-0.5814607113599777,600,0.2,0.06941188464552397,0.439501953125,0.15121654,-0.07638293248601258,,,,,
3298,254.23,62,38,126976,-7.319777999999998,0.22880440950393677,0.0001,-0.1123582199215889,-0.5827358312904835,610,0.2,0.06224072099576006,0.434814453125,0.1576465,-0.07773913468117825,,,,,
3351,262.84,63,38,129024,-7.539966,0.19797885417938232,0.0001,-0.08476737141609192,-0.6347825037315488,620,0.2,0.07976448290573898,0.452099609375,0.1327387,-0.07944799420656637,,,,,
3402,267.31,64,38,131072,-7.586665999999999,0.01881229877471924,0.0001,-0.06183365732431412,-0.5590325482189655,630,0.2,0.06009287273773225,0.43359375,0.14804745,-0.07803517475549597,,,,,
3456,273.04,65,38,133120,-7.744264,0.027635812759399414,0.0001,-0.10536409169435501,-0.605025539547205,640,0.2,0.06972103092557518,0.45205078125,0.15704782,-0.08232506638159975,,,,,
3510,266.91,66,38,135168,-7.587878999999999,0.004091084003448486,0.0001,-0.09001068770885468,-0.6235789665952325,650,0.2,0.06406624620722141,0.45263671875,0.13213001,-0.07891221669560763,,,,,
3564,269.18,67,38,137216,-7.658465999999999,-0.03435182571411133,0.0001,-0.10683903098106384,-0.6835799420252442,660,0.2,0.08893895525252446,0.4767578125,0.118182905,-0.08696263167075813,,,,,
3618,244.43,68,38,139264,-7.102255999999999,0.024073481559753418,0.0001,-0.0873776376247406,-0.6094346893951297,670,0.2,0.08769686159212142,0.428466796875,0.12088792,-0.07830449909088202,,,,,
3670,240.7,69,38,141312,-7.007566999999999,-0.10915517807006836,0.0001,-0.12487069517374039,-0.676742103137076,680,0.2,0.08131793858628952,0.47548828125,0.13164665,-0.08598694468673784,,,,,
3723,243.66,70,38,143360,-7.112334999999999,-0.3728187084197998,0.0001,-0.10303076356649399,-0.6273828510195016,690,0.2,0.06532107854509377,0.47333984375,0.16207914,-0.08878281987854279,,,,,
3777,249.95,71,38,145408,-7.247769999999999,-0.08984780311584473,0.0001,-0.10792658478021622,-0.6522265816107392,700,0.2,0.0660220256744651,0.47255859375,0.12908515,-0.08829738760832698,,,,,
3830,247.21,72,38,147456,-7.189574000000001,0.003936052322387695,0.0001,-0.09781982749700546,-0.597454877756536,710,0.2,0.0591341237850429,0.47431640625,0.1809279,-0.08553494166699238,,,,,
3884,251.37,73,38,149504,-7.282596,-0.10272538661956787,0.0001,-0.11248993873596191,-0.6316685957834125,720,0.2,0.07138493363308954,0.459619140625,0.13421552,-0.08594233844196424,,,,,
3937,247.37,74,38,151552,-7.1604980000000005,0.03863424062728882,0.0001,-0.08906149864196777,-0.5932460883632302,730,0.2,0.07599990965391043,0.45400390625,0.14295256,-0.0812409937789198,,,,,
3989,253.77,75,38,153600,-7.304278,0.24162840843200684,0.0001,-0.09910384565591812,-0.5799360080622137,740,0.2,0.06591010748816188,0.43408203125,0.1395489,-0.08098435972060543,,,,,
4043,247.14,76,38,155648,-7.183579000000001,0.03804558515548706,0.0001,-0.10635580867528915,-0.5946848509833217,750,0.2,0.06589218089793576,0.45146484375,0.1544128,-0.07539244840154424,,,,,
4095,248.5,77,38,157696,-7.211185,0.2598569989204407,0.0001,-0.10144636034965515,-0.5664237168617546,760,0.2,0.06766563928395045,0.45,0.15989162,-0.07946686741197481,,,,,
4150,249.27,78,38,159744,-7.212371999999999,0.29255884885787964,0.0001,-0.09921537339687347,-0.6012132303789258,770,0.2,0.07149019833304919,0.43828125,0.14109401,-0.07479962303186767,,,,,
4202,257.61,79,38,161792,-7.436948999999999,0.25462204217910767,0.0001,-0.102157361805439,-0.5830178283154964,780,0.2,0.06951105466141598,0.458447265625,0.16782826,-0.08018124680966139,,,,,
4253,255.1,80,38,163840,-7.353984,-0.10661053657531738,0.0001,-0.09529169648885727,-0.548288048338145,790,0.2,0.07149604421574622,0.444189453125,0.1819236,-0.07770848802174442,,,,,
4305,253.32,81,38,165888,-7.291663,0.026067018508911133,0.0001,-0.07468700408935547,-0.6165583393536508,800,0.2,0.08580268119549146,0.445263671875,0.13728009,-0.07774683274328709,,,,,
4356,240.15,82,38,167936,-6.9348529999999995,0.07482081651687622,0.0001,-0.11806017905473709,-0.5975772281177342,810,0.2,0.07508351167125511,0.44697265625,0.1603842,-0.08340792520029935,,,,,
4410,235.25,83,38,169984,-6.801109,0.07735949754714966,0.0001,-0.0856330543756485,-0.551206405647099,820,0.2,0.08680957405595109,0.41259765625,0.12294893,-0.06617556675628293,,,,,
4462,224.99,84,38,172032,-6.533625,0.20052194595336914,0.0001,-0.07150563597679138,-0.571855379641056,830,0.2,0.0683662770446972,0.4392578125,0.15051484,-0.07906039807712659,,,,,
4513,225.66,85,38,174080,-6.586454999999998,-0.15066015720367432,0.0001,0.02566785365343094,-0.5665183120407165,840,0.2,0.09953520445997129,0.4146484375,0.121202305,-0.0738329289975809,,,,,
4566,218.94,86,38,176128,-6.407088,0.11338585615158081,0.0001,-0.09949418157339096,-0.5966687647625804,850,0.2,0.07337142722826684,0.4384765625,0.1332525,-0.07670876910269726,,,,,
4620,224.69,87,38,178176,-6.496284999999999,0.13129562139511108,0.0001,-0.053972288966178894,-0.6113424312323332,860,0.2,0.08830655799247325,0.470654296875,0.13733679,-0.08258475106849801,,,,,
4673,223.54,88,38,180224,-6.466755000000001,0.08882021903991699,0.0001,-0.10113535821437836,-0.5502013672143221,870,0.2,0.05578651451942278,0.45078125,0.17185745,-0.08174247991119046,,,,,
4728,233.72,89,38,182272,-6.6943540000000015,0.17230933904647827,0.0001,-0.0941535085439682,-0.590918511711061,880,0.2,0.06378283840167569,0.457470703125,0.16316572,-0.08544641135376878,,,,,
4783,224.85,90,38,184320,-6.479598999999999,0.029383718967437744,0.0001,-0.08647613227367401,-0.5333475978113711,890,0.2,0.04764369071053807,0.44384765625,0.21089357,-0.08133893600897864,,,,,
4835,223.76,91,38,186368,-6.458219000000001,0.18935483694076538,0.0001,-0.07994775474071503,-0.6144853889942169,900,0.2,0.08982397037616466,0.44306640625,0.1445798,-0.08101636249921285,,,,,
4888,231.94,92,38,188416,-6.677388,0.026624023914337158,0.0001,-0.10875774174928665,-0.6310038879513741,910,0.2,0.0885931557728327,0.459716796875,0.1448341,-0.08603788704785983,,,,,
4943,241.53,93,38,190464,-6.905357999999999,0.13279783725738525,0.0001,-0.10559897869825363,-0.5501212203875184,920,0.2,0.05576888520372449,0.476513671875,0.19938487,-0.08523456233670004,,,,,
4995,253.2,94,38,192512,-7.1977340000000005,-0.09923410415649414,0.0001,-0.12042434513568878,-0.5395654851570726,930,0.2,0.04836931560384983,0.45888671875,0.23695657,-0.0847877533902647,,,,,
5051,261.19,95,38,194560,-7.382727,0.04876893758773804,0.0001,-0.1127958595752716,-0.5415152700617909,940,0.2,0.06047890278714476,0.4525390625,0.2112231,-0.08029897043888923,,,,,
5104,271.23,96,38,196608,-7.64548,0.025433003902435303,0.0001,-0.1319020837545395,-0.5005336368456483,950,0.2,0.04199993913134677,0.44462890625,0.22877494,-0.08114253483945504,,,,,
5156,282.98,97,38,198656,-7.9370330000000004,-0.09433746337890625,0.0001,-0.07452526688575745,-0.483083014562726,960,0.2,0.052879614288394806,0.443701171875,0.2520794,-0.07778601071913727,,,,,
,,,,,,-0.021541595458984375,0.0001,-0.1128762736916542,-0.5184655350632965,970,0.2,0.0476696634766995,0.451123046875,0.20312151,-0.07924848663533339,-8.049218999999999,-3.4,-15.6,-6.460460144611716,4.11675617088734
5215,291.37,98,38,200704,-8.136179999999998,,,,,,,,,,,,,,,
5267,293.47,99,38,202752,-8.158996,0.0007562041282653809,0.0001,-0.09951581060886383,-0.5325768574140965,980,0.2,0.04923087932766066,0.460791015625,0.19546819,-0.08027952483098488,,,,,
5322,305.78,100,38,204800,-8.508726,-0.09372758865356445,0.0001,-0.10671354085206985,-0.5373199864290654,990,0.2,0.05929779026337201,0.449951171875,0.22000234,-0.07766195420408621,,,,,
5378,313.77,101,38,206848,-8.704912,0.10913383960723877,0.0001,-0.09884024411439896,-0.5179185836575926,1000,0.2,0.04793285202249535,0.452685546875,0.21283475,-0.08073863410099875,,,,,
5430,329.41,102,38,208896,-9.104485999999998,0.022748053073883057,0.0001,-0.11592549085617065,-0.5401979260146618,1010,0.2,0.04396936565681244,0.466943359375,0.22670725,-0.08566390980849974,,,,,
5483,338.55,103,38,210944,-9.343583,0.06403994560241699,0.0001,-0.09853444993495941,-0.5243651117198169,1020,0.2,0.048358609003480525,0.459912109375,0.2414994,-0.08486290526925586,,,,,
5536,332.8,104,38,212992,-9.237372999999998,-0.1931246519088745,0.0001,-0.10040227323770523,-0.5503761321306229,1030,0.2,0.05205464586470043,0.475048828125,0.21160997,-0.08689367999904789,,,,,
5590,338.82,105,38,215040,-9.3835,-0.013193249702453613,0.0001,-0.11751149594783783,-0.554415775462985,1040,0.2,0.08195403870631708,0.43603515625,0.14985421,-0.08034187360608484,,,,,
5644,338.58,106,38,217088,-9.404889,0.18721693754196167,0.0001,-0.11692436784505844,-0.5821202602237463,1050,0.2,0.059500708424457115,0.4767578125,0.20773582,-0.08945099962293171,,,,,
5696,342.82,107,38,219136,-9.532474999999998,0.17089569568634033,0.0001,-0.11977151036262512,-0.5916565935127437,1060,0.2,0.07306446732400218,0.490380859375,0.20697984,-0.08970842389971949,,,,,
5750,346.42,108,38,221184,-9.634241,0.006516695022583008,0.0001,-0.10508350282907486,-0.5837270602583885,1070,0.2,0.07032782981113997,0.46611328125,0.18378064,-0.07194835847476497,,,,,
5802,343.73,109,38,223232,-9.580020000000001,0.051717519760131836,0.0001,-0.10860814899206161,-0.6250290118157864,1080,0.2,0.07190685600944562,0.479150390625,0.14827576,-0.08025119069498032,,,,,
5855,333.31,110,38,225280,-9.309641999999998,-0.18174326419830322,0.0001,-0.03975500166416168,-0.5774352074600756,1090,0.2,0.08207484307931737,0.486669921875,0.198245,-0.08521060917701107,,,,,
5910,327.21,111,38,227328,-9.198042999999998,-0.09187066555023193,0.0001,-0.08599972724914551,-0.5647384896874428,1100,0.2,0.06513687369297258,0.47890625,0.21697666,-0.08693525665439665,,,,,
5963,319.99,112,38,229376,-9.046845,0.13994687795639038,0.0001,-0.10198204219341278,-0.5573691906407475,1110,0.2,0.04130629693427181,0.498046875,0.22646797,-0.09505746009235735,,,,,
6017,309.28,113,38,231424,-8.779752,0.05940645933151245,0.0001,-0.11227323859930038,-0.5771920092403888,1120,0.2,0.05574708232234116,0.481689453125,0.18119141,-0.08458990189537871,,,,,
6069,317.25,114,38,233472,-9.008135,0.06303107738494873,0.0001,-0.10230059176683426,-0.5834698108024895,1130,0.2,0.06147106073985924,0.483251953125,0.17922363,-0.08528114789514803,,,,,
6123,308.54,115,38,235520,-8.799341,0.09998095035552979,0.0001,-0.12506140768527985,-0.5734984893351793,1140,0.2,0.05031515587470494,0.493115234375,0.22489831,-0.09107810635468923,,,,,
6179,303.0,116,38,237568,-8.667941,0.04894918203353882,0.0001,-0.11156322807073593,-0.5750937172211706,1150,0.2,0.06188805267083808,0.47958984375,0.19775939,-0.08296766953426413,,,,,
6232,298.61,117,38,239616,-8.586544,0.31313782930374146,0.0001,-0.10621299594640732,-0.57879971973598,1160,0.2,0.05101269154256442,0.483447265625,0.18839486,-0.0815160953963641,,,,,
6285,294.48,118,38,241664,-8.476043,0.1002914309501648,0.0001,-0.12522345781326294,-0.5881129902787506,1170,0.2,0.04439774839556776,0.494189453125,0.19386035,-0.09343992269859883,,,,,
6338,287.93,119,38,243712,-8.318442999999998,0.2927027940750122,0.0001,-0.053167909383773804,-0.6152547031641007,1180,0.2,0.08263340260309633,0.482275390625,0.14649242,-0.07763614556170069,,,,,
6392,288.09,120,38,245760,-8.300048,0.06067150831222534,0.0001,-0.08023752272129059,-0.5833457066677511,1190,0.2,0.0775869378579955,0.472802734375,0.16371162,-0.08347823297372088,,,,,
6445,286.17,121,38,247808,-8.25178,0.040032804012298584,0.0001,-0.08486004173755646,-0.6111263100989163,1200,0.2,0.06907300011662301,0.4943359375,0.19420868,-0.08706186420458835,,,,,
6497,290.91,122,38,249856,-8.354692000000002,-0.09499692916870117,0.0001,-0.10786888748407364,-0.6217132933437824,1210,0.2,0.0731689308071509,0.49033203125,0.16646251,-0.09233127009938472,,,,,
6546,290.4,123,38,251904,-8.319870000000002,0.19076913595199585,0.0001,-0.10943421721458435,-0.5847089173272252,1220,0.2,0.059637626152107256,0.491162109375,0.19160777,-0.08532582049374468,,,,,
6595,283.55,124,38,253952,-8.145315,-0.06024503707885742,0.0001,-0.09842182695865631,-0.5854217139072716,1230,0.2,0.06823502780825948,0.51171875,0.22407511,-0.09289439317653887,,,,,
6644,277.69,125,38,256000,-7.998538000000001,-0.035439491271972656,0.0001,-0.1251848340034485,-0.5347591363824904,1240,0.2,0.07516895292355912,0.455029296875,0.19055478,-0.08263814328820444,,,,,
6695,277.26,126,38,258048,-7.9490739999999995,-0.17831838130950928,0.0001,-0.10467465966939926,-0.497622556053102,1250,0.2,0.057900614036771006,0.449169921875,0.22941843,-0.0806848966225516,,,,,
6746,254.29,127,38,260096,-7.363720000000002,0.1765148639678955,0.0001,-0.05217701941728592,-0.5302216688171029,1260,0.2,0.062301247195864565,0.46328125,0.18828063,-0.0747242509125499,,,,,
6798,224.6,128,38,262144,-6.569335999999998,0.181565523147583,0.0001,-0.0742187649011612,-0.5757032251916826,1270,0.2,0.10196842639998067,0.457763671875,0.15607987,-0.08100597254815511,,,,,
6846,223.8,129,38,264192,-6.523944,0.09432655572891235,0.0001,-0.07262945175170898,-0.5912650035694241,1280,0.2,0.10267966106475797,0.441455078125,0.15830487,-0.07594254557916429,,,,,
6897,217.27,130,38,266240,-6.371552,-0.014238119125366211,0.0001,-0.061851006001234055,-0.6022795586846769,1290,0.2,0.08813756240415387,0.46904296875,0.16982794,-0.08341677123389672,,,,,
6952,212.82,131,38,268288,-6.268765000000001,0.03041595220565796,0.0001,-0.11212462931871414,-0.6088380528613925,1300,0.2,0.08986205364271882,0.47001953125,0.17565939,-0.08869206920498982,,,,,
7003,209.46,132,38,270336,-6.167874999999999,0.015239119529724121,0.0001,-0.11319581419229507,-0.5570278809405863,1310,0.2,0.07971882350320811,0.461669921875,0.20366664,-0.0877961195714306,,,,,
7052,202.75,133,38,272384,-6.014933000000001,0.17036807537078857,0.0001,-0.08263428509235382,-0.5756138736382127,1320,0.2,0.08731034787779209,0.46328125,0.17589813,-0.0847495477006305,,,,,
7101,202.3,134,38,274432,-5.982149,0.21859514713287354,0.0001,-0.08091457188129425,-0.5692414875142277,1330,0.2,0.07419696737488266,0.4640625,0.18627049,-0.0846371300634928,,,,,
7153,182.34,135,38,276480,-5.442342999999999,-0.0834348201751709,0.0001,-0.10411244630813599,-0.5545733229257166,1340,0.2,0.08336031864964752,0.475634765625,0.2081256,-0.08996190866164397,,,,,
7201,182.1,136,38,278528,-5.414382999999999,0.11407339572906494,0.0001,-0.11774007230997086,-0.5657599360682071,1350,0.2,0.10043649927829393,0.434814453125,0.14082459,-0.08085555957222823,,,,,
7251,189.03,137,38,280576,-5.579900999999999,0.06675213575363159,0.0001,-0.05274948477745056,-0.5229044508188962,1360,0.2,0.12623127136030235,0.417822265625,0.1440315,-0.07554015017522034,,,,,
7303,185.75,138,38,282624,-5.504309999999999,-0.16148746013641357,0.0001,-0.11855032294988632,-0.5266723855398595,1370,0.2,0.08024696060747374,0.463916015625,0.22912243,-0.08602088722982444,,,,,
7353,195.29,139,38,284672,-5.747265,0.22621387243270874,0.0001,-0.0929892361164093,-0.5326138672418892,1380,0.2,0.09064714793639723,0.438916015625,0.18681578,-0.07774518739897758,,,,,
7403,204.99,140,38,286720,-5.990279,0.07947248220443726,0.0001,-0.09954337775707245,-0.5403986933641136,1390,0.2,0.06489308560921928,0.46865234375,0.2267779,-0.08401190026779659,,,,,
7456,212.88,141,38,288768,-6.192679000000001,-0.10590314865112305,0.0001,-0.09359181672334671,-0.5528571569360793,1400,0.2,0.052998106645827645,0.49755859375,0.22115603,-0.08979564055625815,,,,,
7510,228.44,142,38,290816,-6.580242000000001,-0.1890249252319336,0.0001,-0.10447672754526138,-0.5237637375481426,1410,0.2,0.05577270166977542,0.46572265625,0.2680523,-0.08454619513067882,,,,,
7560,235.16,143,38,292864,-6.785208,-0.045461297035217285,0.0001,-0.09886381030082703,-0.45577759919688104,1420,0.2,0.0490668387930782,0.44130859375,0.32138392,-0.07962885720771737,,,,,
7608,233.64,144,38,294912,-6.758949000000001,0.12010514736175537,0.0001,-0.08768066018819809,-0.5639694920741022,1430,0.2,0.06368748131790199,0.4779296875,0.19726595,-0.08370755724026821,,,,,
7658,243.23,145,38,296960,-7.004371,0.11007153987884521,0.0001,-0.1152879074215889,-0.5899967363104224,1440,0.2,0.06576121266989503,0.501708984375,0.20466602,-0.09157753331237473,,,,,
7707,248.91,146,38,299008,-7.191131,0.17921960353851318,0.0001,-0.10357319563627243,-0.5471096039749682,1450,0.2,0.05470947456997237,0.4873046875,0.21567929,-0.08862674121919553,,,,,
,,,,,,0.27210313081741333,0.0001,-0.05447518080472946,-0.5347544051706791,1460,0.2,0.05416758230348932,0.482763671875,0.18675601,-0.08654998915444594,-7.301297,-3.64,-15.36,-9.280220239944175,3.960708077388562
7779,261.3,147,38,301056,-7.504895,,,,,,,,,,,,,,,
7854,273.43,148,38,303104,-7.857578,0.15413206815719604,0.0001,-0.11385717242956161,-0.5022059394977987,1470,0.2,0.04965752588104806,0.4541015625,0.21990696,-0.08146392923372332,,,,,
7985,284.25,149,38,305152,-8.154892,0.29397088289260864,0.0001,-0.129234179854393,-0.5090744634158909,1480,0.2,0.049444657164713135,0.470361328125,0.23274663,-0.0840333583910251,,,,,
8108,294.32,150,37,307200,-8.398859999999999,0.2215954065322876,0.0001,-0.11347223818302155,-0.5301769358105958,1490,0.2,0.056370444767526354,0.4787109375,0.25472644,-0.08741741080884821,,,,,
8232,302.88,151,37,309248,-8.681367,0.012614667415618896,0.0001,-0.12299195677042007,-0.5215863658115267,1500,0.2,0.06360855884413467,0.47265625,0.23433372,-0.08283061620895751,,,,,
8354,301.68,152,37,311296,-8.668866,0.33320552110671997,0.0001,-0.11216829717159271,-0.5799809304066003,1510,0.2,0.07112851548008621,0.482421875,0.19928926,-0.08857491520466283,,,,,
8483,310.77,153,36,313344,-8.938041,0.4024866223335266,0.0001,-0.08484680205583572,-0.49740272387862206,1520,0.2,0.05765648965971195,0.45634765625,0.24035233,-0.07889392886718269,,,,,
8604,302.19,154,36,315392,-8.748649000000002,0.23429471254348755,0.0001,-0.10042757540941238,-0.5575404529459774,1530,0.2,0.07999310760496883,0.461376953125,0.189622,-0.07864533084793948,,,,,
8731,295.47,155,36,317440,-8.574837999999998,0.1926206350326538,0.0001,-0.10436493158340454,-0.5524398890323937,1540,0.2,0.07527851837367053,0.471484375,0.19969463,-0.08300570158753544,,,,,
8855,284.57,156,36,319488,-8.296882,0.3001520037651062,0.0001,-0.11370275169610977,-0.5625355871394276,1550,0.2,0.057018256334413306,0.477099609375,0.18549973,-0.08643259110685904,,,,,
